"Date","Type","Calls"
2018-12-30,"SevenDayAverage",NA
2018-12-30,"Baseline",301.905233121979
2018-12-31,"SevenDayAverage",NA
2018-12-31,"Baseline",302.475551019058
2019-01-01,"SevenDayAverage",NA
2019-01-01,"Baseline",303.045868916136
2019-01-02,"SevenDayAverage",300.295944795005
2019-01-02,"Baseline",303.616186813215
2019-01-03,"SevenDayAverage",301.564470056992
2019-01-03,"Baseline",303.893831691964
2019-01-04,"SevenDayAverage",300.531849016069
2019-01-04,"Baseline",304.171476570713
2019-01-05,"SevenDayAverage",301.828589610119
2019-01-05,"Baseline",304.449121449462
2019-01-06,"SevenDayAverage",294.82697937958
2019-01-06,"Baseline",304.431087681965
2019-01-07,"SevenDayAverage",290.728054309008
2019-01-07,"Baseline",304.413053914469
2019-01-08,"SevenDayAverage",289.331470512621
2019-01-08,"Baseline",304.404037030721
2019-01-09,"SevenDayAverage",293.253251387888
2019-01-09,"Baseline",304.911913007842
2019-01-10,"SevenDayAverage",295.645261579736
2019-01-10,"Baseline",305.419788984964
2019-01-11,"SevenDayAverage",297.948699673932
2019-01-11,"Baseline",305.93217340396
2019-01-12,"SevenDayAverage",293.643795165236
2019-01-12,"Baseline",306.444557822956
2019-01-13,"SevenDayAverage",293.267434194617
2019-01-13,"Baseline",306.956942241952
2019-01-14,"SevenDayAverage",292.350379547069
2019-01-14,"Baseline",306.941914102372
2019-01-15,"SevenDayAverage",291.202192112772
2019-01-15,"Baseline",306.926885962791
2019-01-16,"SevenDayAverage",288.569036636181
2019-01-16,"Baseline",306.911857823211
2019-01-17,"SevenDayAverage",286.798571512207
2019-01-17,"Baseline",306.752747395402
2019-01-18,"SevenDayAverage",286.785046186584
2019-01-18,"Baseline",306.593636967594
2019-01-19,"SevenDayAverage",287.645031474076
2019-01-19,"Baseline",306.434526539786
2019-01-20,"SevenDayAverage",286.976373188618
2019-01-20,"Baseline",305.324604505896
2019-01-21,"SevenDayAverage",289.713504605931
2019-01-21,"Baseline",304.214682472007
2019-01-22,"SevenDayAverage",291.49816234342
2019-01-22,"Baseline",297.567988204417
2019-01-23,"SevenDayAverage",293.282820080909
2019-01-23,"Baseline",290.921293936828
2019-01-24,"SevenDayAverage",295.067477818398
2019-01-24,"Baseline",290.328981953747
2019-01-25,"SevenDayAverage",294.993438820513
2019-01-25,"Baseline",289.736669970665
2019-01-26,"SevenDayAverage",294.919399822627
2019-01-26,"Baseline",289.144357987584
2019-01-27,"SevenDayAverage",297.140569759183
2019-01-27,"Baseline",288.94692065989
2019-01-28,"SevenDayAverage",303.804079568848
2019-01-28,"Baseline",288.749483332196
2019-01-29,"SevenDayAverage",309.579121403892
2019-01-29,"Baseline",288.552046004503
2019-01-30,"SevenDayAverage",310.911823365825
2019-01-30,"Baseline",288.157171349115
2019-01-31,"SevenDayAverage",312.244525327758
2019-01-31,"Baseline",287.762296693727
2019-02-01,"SevenDayAverage",314.687812257969
2019-02-01,"Baseline",287.36742203834
2019-02-02,"SevenDayAverage",317.131099188179
2019-02-02,"Baseline",286.478954063718
2019-02-03,"SevenDayAverage",313.13299330238
2019-02-03,"Baseline",285.590486089096
2019-02-04,"SevenDayAverage",311.467115849964
2019-02-04,"Baseline",285.294330097555
2019-02-05,"SevenDayAverage",309.801238397547
2019-02-05,"Baseline",284.998174106014
2019-02-06,"SevenDayAverage",308.209399943016
2019-02-06,"Baseline",284.702018114474
2019-02-07,"SevenDayAverage",306.617561488485
2019-02-07,"Baseline",284.405862122933
2019-02-08,"SevenDayAverage",304.248313556159
2019-02-08,"Baseline",284.109706131392
2019-02-09,"SevenDayAverage",299.805973683049
2019-02-09,"Baseline",283.813550139851
2019-02-10,"SevenDayAverage",297.140569759183
2019-02-10,"Baseline",283.458162950003
2019-02-11,"SevenDayAverage",291.217449928369
2019-02-11,"Baseline",283.102775760154
2019-02-12,"SevenDayAverage",285.183271600727
2019-02-12,"Baseline",282.747388570305
2019-02-13,"SevenDayAverage",279.149093273086
2019-02-13,"Baseline",282.392001380456
2019-02-14,"SevenDayAverage",279.371210266741
2019-02-14,"Baseline",282.036614190607
2019-02-15,"SevenDayAverage",279.92650275088
2019-02-15,"Baseline",281.592380203296
2019-02-16,"SevenDayAverage",280.481795235019
2019-02-16,"Baseline",281.148146215985
2019-02-17,"SevenDayAverage",282.369789681091
2019-02-17,"Baseline",280.703912228674
2019-02-18,"SevenDayAverage",284.257784127162
2019-02-18,"Baseline",280.259678241363
2019-02-19,"SevenDayAverage",283.591433146196
2019-02-19,"Baseline",279.815444254052
2019-02-20,"SevenDayAverage",282.925082165229
2019-02-20,"Baseline",279.371210266741
2019-02-21,"SevenDayAverage",280.407756237133
2019-02-21,"Baseline",278.92697627943
2019-02-22,"SevenDayAverage",277.890430309038
2019-02-22,"Baseline",278.482742292119
2019-02-23,"SevenDayAverage",272.707700457075
2019-02-23,"Baseline",278.038508304808
2019-02-24,"SevenDayAverage",271.597115488798
2019-02-24,"Baseline",277.594274317497
2019-02-25,"SevenDayAverage",270.48653052052
2019-02-25,"Baseline",277.150040330186
2019-02-26,"SevenDayAverage",271.819232482453
2019-02-26,"Baseline",276.705806342875
2019-02-27,"SevenDayAverage",273.151934444386
2019-02-27,"Baseline",275.639644773328
2019-02-28,"SevenDayAverage",274.63271440209
2019-02-28,"Baseline",274.573483203782
2019-03-01,"SevenDayAverage",277.557254818554
2019-03-01,"Baseline",273.507321634235
2019-03-02,"SevenDayAverage",280.481795235019
2019-03-02,"Baseline",272.441160064689
2019-03-03,"SevenDayAverage",285.886642080636
2019-03-03,"Baseline",271.374998495142
2019-03-04,"SevenDayAverage",279.149093273086
2019-03-04,"Baseline",270.48653052052
2019-03-05,"SevenDayAverage",276.483689349219
2019-03-05,"Baseline",269.598062545898
2019-03-06,"SevenDayAverage",273.818285425353
2019-03-06,"Baseline",269.153828558587
2019-03-07,"SevenDayAverage",273.744246427468
2019-03-07,"Baseline",268.709594571276
2019-03-08,"SevenDayAverage",269.005750562817
2019-03-08,"Baseline",268.265360583965
2019-03-09,"SevenDayAverage",267.302853611458
2019-03-09,"Baseline",267.821126596654
2019-03-10,"SevenDayAverage",265.599956660099
2019-03-10,"Baseline",267.376892609343
2019-03-11,"SevenDayAverage",266.932658622032
2019-03-11,"Baseline",266.932658622032
2019-03-12,"SevenDayAverage",268.265360583965
2019-03-12,"Baseline",266.488424634721
2019-03-13,"SevenDayAverage",272.855778452846
2019-03-13,"Baseline",266.04419064741
2019-03-14,"SevenDayAverage",274.336558410549
2019-03-14,"Baseline",265.599956660099
2019-03-15,"SevenDayAverage",275.817338368253
2019-03-15,"Baseline",264.489371691821
2019-03-16,"SevenDayAverage",276.113494359793
2019-03-16,"Baseline",263.378786723544
2019-03-17,"SevenDayAverage",276.409650351334
2019-03-17,"Baseline",262.490318748922
2019-03-18,"SevenDayAverage",271.819232482453
2019-03-18,"Baseline",261.601850774299
2019-03-19,"SevenDayAverage",269.820179539554
2019-03-19,"Baseline",260.713382799677
2019-03-20,"SevenDayAverage",267.821126596654
2019-03-20,"Baseline",258.936446850433
2019-03-21,"SevenDayAverage",265.377839666443
2019-03-21,"Baseline",257.159510901189
2019-03-22,"SevenDayAverage",262.934552736233
2019-03-22,"Baseline",255.974886935026
2019-03-23,"SevenDayAverage",259.824914825055
2019-03-23,"Baseline",254.790262968864
2019-03-24,"SevenDayAverage",262.638396744692
2019-03-24,"Baseline",253.605639002701
2019-03-25,"SevenDayAverage",265.451878664328
2019-03-25,"Baseline",251.828703053457
2019-03-26,"SevenDayAverage",268.487477577621
2019-03-26,"Baseline",250.051767104212
2019-03-27,"SevenDayAverage",271.352786795777
2019-03-27,"Baseline",248.86714313805
2019-03-28,"SevenDayAverage",274.218096013933
2019-03-28,"Baseline",247.682519171887
2019-03-29,"SevenDayAverage",279.371210266741
2019-03-29,"Baseline",246.497895205724
2019-03-30,"SevenDayAverage",276.705806342875
2019-03-30,"Baseline",245.609427231102
2019-03-31,"SevenDayAverage",274.040402419009
2019-03-31,"Baseline",244.72095925648
2019-04-01,"SevenDayAverage",279.815444254052
2019-04-01,"Baseline",243.536335290317
2019-04-02,"SevenDayAverage",278.852937281545
2019-04-02,"Baseline",242.351711324154
2019-04-03,"SevenDayAverage",277.890430309038
2019-04-03,"Baseline",241.167087357992
2019-04-04,"SevenDayAverage",278.519761791062
2019-04-04,"Baseline",240.57477537491
2019-04-05,"SevenDayAverage",279.149093273086
2019-04-05,"Baseline",239.982463391829
2019-04-06,"SevenDayAverage",280.681700529309
2019-04-06,"Baseline",239.390151408747
2019-04-07,"SevenDayAverage",282.214307785532
2019-04-07,"Baseline",237.317059467963
2019-04-08,"SevenDayAverage",277.594274317497
2019-04-08,"Baseline",235.243967527178
2019-04-09,"SevenDayAverage",275.669260372482
2019-04-09,"Baseline",234.256780888709
2019-04-10,"SevenDayAverage",273.744246427468
2019-04-10,"Baseline",233.26959425024
2019-04-11,"SevenDayAverage",269.301906554358
2019-04-11,"Baseline",232.282407611771
2019-04-12,"SevenDayAverage",265.748034655869
2019-04-12,"Baseline",231.245861641378
2019-04-13,"SevenDayAverage",266.04419064741
2019-04-13,"Baseline",230.209315670986
2019-04-14,"SevenDayAverage",271.078842503602
2019-04-14,"Baseline",229.172769700594
2019-04-15,"SevenDayAverage",272.448563964477
2019-04-15,"Baseline",228.950652706938
2019-04-16,"SevenDayAverage",273.818285425353
2019-04-16,"Baseline",228.728535713282
2019-04-17,"SevenDayAverage",279.371210266741
2019-04-17,"Baseline",228.284301725971
2019-04-18,"SevenDayAverage",278.77889828366
2019-04-18,"Baseline",227.84006773866
2019-04-19,"SevenDayAverage",278.186586300578
2019-04-19,"Baseline",227.395833751349
2019-04-20,"SevenDayAverage",273.151934444386
2019-04-20,"Baseline",227.84006773866
2019-04-21,"SevenDayAverage",269.153828558587
2019-04-21,"Baseline",228.284301725971
2019-04-22,"SevenDayAverage",265.155722672788
2019-04-22,"Baseline",228.728535713282
2019-04-23,"SevenDayAverage",259.824914825055
2019-04-23,"Baseline",228.728535713282
2019-04-24,"SevenDayAverage",260.713382799677
2019-04-24,"Baseline",228.728535713282
2019-04-25,"SevenDayAverage",261.601850774299
2019-04-25,"Baseline",228.728535713282
2019-04-26,"SevenDayAverage",262.04608476161
2019-04-26,"Baseline",228.950652706938
2019-04-27,"SevenDayAverage",262.490318748922
2019-04-27,"Baseline",229.172769700594
2019-04-28,"SevenDayAverage",262.934552736233
2019-04-28,"Baseline",229.024691704823
2019-04-29,"SevenDayAverage",263.378786723544
2019-04-29,"Baseline",228.876613709053
2019-04-30,"SevenDayAverage",264.119176702395
2019-04-30,"Baseline",228.728535713282
2019-05-01,"SevenDayAverage",264.859566681247
2019-05-01,"Baseline",228.728535713282
2019-05-02,"SevenDayAverage",258.270095869467
2019-05-02,"Baseline",228.728535713282
2019-05-03,"SevenDayAverage",258.010959376869
2019-05-03,"Baseline",228.728535713282
2019-05-04,"SevenDayAverage",257.75182288427
2019-05-04,"Baseline",229.172769700594
2019-05-05,"SevenDayAverage",258.788368854663
2019-05-05,"Baseline",229.617003687905
2019-05-06,"SevenDayAverage",259.824914825055
2019-05-06,"Baseline",230.061237675216
2019-05-07,"SevenDayAverage",259.935973321883
2019-05-07,"Baseline",230.209315670986
2019-05-08,"SevenDayAverage",260.047031818711
2019-05-08,"Baseline",230.357393666756
2019-05-09,"SevenDayAverage",251.828703053457
2019-05-09,"Baseline",230.505471662527
2019-05-10,"SevenDayAverage",260.417226808137
2019-05-10,"Baseline",230.357393666756
2019-05-11,"SevenDayAverage",262.046084761611
2019-05-11,"Baseline",230.209315670986
2019-05-12,"SevenDayAverage",257.75182288427
2019-05-12,"Baseline",230.061237675216
2019-05-13,"SevenDayAverage",257.788842383213
2019-05-13,"Baseline",230.283354668871
2019-05-14,"SevenDayAverage",257.825861882156
2019-05-14,"Baseline",230.505471662527
2019-05-15,"SevenDayAverage",263.156669729888
2019-05-15,"Baseline",230.505471662527
2019-05-16,"SevenDayAverage",265.266781169616
2019-05-16,"Baseline",230.505471662527
2019-05-17,"SevenDayAverage",267.376892609343
2019-05-17,"Baseline",230.505471662527
2019-05-18,"SevenDayAverage",263.156669729888
2019-05-18,"Baseline",230.505471662527
2019-05-19,"SevenDayAverage",273.374051438042
2019-05-19,"Baseline",230.505471662527
2019-05-20,"SevenDayAverage",280.555834232904
2019-05-20,"Baseline",230.505471662527
2019-05-21,"SevenDayAverage",279.963522249822
2019-05-21,"Baseline",230.40675299868
2019-05-22,"SevenDayAverage",279.371210266741
2019-05-22,"Baseline",230.308034334833
2019-05-23,"SevenDayAverage",269.894218537439
2019-05-23,"Baseline",230.209315670986
2019-05-24,"SevenDayAverage",265.155722672788
2019-05-24,"Baseline",230.308034334833
2019-05-25,"SevenDayAverage",258.492212863122
2019-05-25,"Baseline",230.40675299868
2019-05-26,"SevenDayAverage",255.45661394983
2019-05-26,"Baseline",230.505471662527
2019-05-27,"SevenDayAverage",252.421015036538
2019-05-27,"Baseline",229.617003687905
2019-05-28,"SevenDayAverage",252.346976038653
2019-05-28,"Baseline",228.728535713282
2019-05-29,"SevenDayAverage",252.272937040768
2019-05-29,"Baseline",228.728535713282
2019-05-30,"SevenDayAverage",258.936446850433
2019-05-30,"Baseline",228.728535713282
2019-05-31,"SevenDayAverage",265.155722672788
2019-05-31,"Baseline",228.728535713282
2019-06-01,"SevenDayAverage",266.577271432183
2019-06-01,"Baseline",228.728535713282
2019-06-02,"SevenDayAverage",267.998820191578
2019-06-02,"Baseline",228.728535713282
2019-06-03,"SevenDayAverage",265.688803457561
2019-06-03,"Baseline",228.728535713282
2019-06-04,"SevenDayAverage",263.378786723544
2019-06-04,"Baseline",228.284301725971
2019-06-05,"SevenDayAverage",260.713382799677
2019-06-05,"Baseline",227.84006773866
2019-06-06,"SevenDayAverage",258.047978875811
2019-06-06,"Baseline",227.395833751349
2019-06-07,"SevenDayAverage",256.159984429739
2019-06-07,"Baseline",227.395833751349
2019-06-08,"SevenDayAverage",254.271989983667
2019-06-08,"Baseline",227.395833751349
2019-06-09,"SevenDayAverage",254.827282467806
2019-06-09,"Baseline",227.395833751349
2019-06-10,"SevenDayAverage",255.382574951945
2019-06-10,"Baseline",227.395833751349
2019-06-11,"SevenDayAverage",255.826808939256
2019-06-11,"Baseline",227.395833751349
2019-06-12,"SevenDayAverage",256.271042926567
2019-06-12,"Baseline",227.395833751349
2019-06-13,"SevenDayAverage",256.122964930797
2019-06-13,"Baseline",227.395833751349
2019-06-14,"SevenDayAverage",255.974886935026
2019-06-14,"Baseline",227.395833751349
2019-06-15,"SevenDayAverage",254.568145975208
2019-06-15,"Baseline",227.395833751349
2019-06-16,"SevenDayAverage",253.16140501539
2019-06-16,"Baseline",228.062184732316
2019-06-17,"SevenDayAverage",255.086418960404
2019-06-17,"Baseline",228.728535713282
2019-06-18,"SevenDayAverage",255.974886935026
2019-06-18,"Baseline",229.320847696364
2019-06-19,"SevenDayAverage",256.863354909648
2019-06-19,"Baseline",229.913159679445
2019-06-20,"SevenDayAverage",256.863354909648
2019-06-20,"Baseline",230.505471662527
2019-06-21,"SevenDayAverage",256.863354909648
2019-06-21,"Baseline",230.949705649838
2019-06-22,"SevenDayAverage",258.196056871582
2019-06-22,"Baseline",231.393939637149
2019-06-23,"SevenDayAverage",259.528758833515
2019-06-23,"Baseline",231.83817362446
2019-06-24,"SevenDayAverage",264.563410689706
2019-06-24,"Baseline",232.726641599082
2019-06-25,"SevenDayAverage",262.860513738347
2019-06-25,"Baseline",233.615109573704
2019-06-26,"SevenDayAverage",261.157616786988
2019-06-26,"Baseline",233.911265565245
2019-06-27,"SevenDayAverage",259.380680837744
2019-06-27,"Baseline",234.207421556785
2019-06-28,"SevenDayAverage",261.046558290161
2019-06-28,"Baseline",234.503577548326
2019-06-29,"SevenDayAverage",262.712435742577
2019-06-29,"Baseline",235.836279510259
2019-06-30,"SevenDayAverage",266.04419064741
2019-06-30,"Baseline",237.168981472192
2019-07-01,"SevenDayAverage",261.009538791218
2019-07-01,"Baseline",237.317059467963
2019-07-02,"SevenDayAverage",255.20488135702
2019-07-02,"Baseline",237.465137463733
2019-07-03,"SevenDayAverage",255.737962141794
2019-07-03,"Baseline",237.613215459503
2019-07-04,"SevenDayAverage",256.271042926567
2019-07-04,"Baseline",238.205527442585
2019-07-05,"SevenDayAverage",250.940235078835
2019-07-05,"Baseline",238.797839425666
2019-07-06,"SevenDayAverage",250.496001091523
2019-07-06,"Baseline",239.390151408747
2019-07-07,"SevenDayAverage",250.051767104212
2019-07-07,"Baseline",239.982463391829
2019-07-08,"SevenDayAverage",248.86714313805
2019-07-08,"Baseline",240.57477537491
2019-07-09,"SevenDayAverage",250.792157083064
2019-07-09,"Baseline",241.167087357992
2019-07-10,"SevenDayAverage",252.717171028079
2019-07-10,"Baseline",242.055555332614
2019-07-11,"SevenDayAverage",256.892970508802
2019-07-11,"Baseline",242.944023307236
2019-07-12,"SevenDayAverage",261.068769989526
2019-07-12,"Baseline",243.055081804064
2019-07-13,"SevenDayAverage",257.159510901189
2019-07-13,"Baseline",243.166140300891
2019-07-14,"SevenDayAverage",259.232602841974
2019-07-14,"Baseline",243.277198797719
2019-07-15,"SevenDayAverage",261.779544369224
2019-07-15,"Baseline",243.388257294547
2019-07-16,"SevenDayAverage",264.911393979767
2019-07-16,"Baseline",243.166140300891
2019-07-17,"SevenDayAverage",268.04324359031
2019-07-17,"Baseline",242.944023307236
2019-07-18,"SevenDayAverage",272.263466469764
2019-07-18,"Baseline",242.795945311465
2019-07-19,"SevenDayAverage",276.92792333653
2019-07-19,"Baseline",242.647867315695
2019-07-20,"SevenDayAverage",290.032825962206
2019-07-20,"Baseline",242.499789319925
2019-07-21,"SevenDayAverage",289.144357987584
2019-07-21,"Baseline",241.907477336843
2019-07-22,"SevenDayAverage",288.255890012962
2019-07-22,"Baseline",241.315165353762
2019-07-23,"SevenDayAverage",282.702965171574
2019-07-23,"Baseline",240.722853370681
2019-07-24,"SevenDayAverage",280.592853731846
2019-07-24,"Baseline",240.056502389714
2019-07-25,"SevenDayAverage",278.482742292119
2019-07-25,"Baseline",239.390151408747
2019-07-26,"SevenDayAverage",265.748034655869
2019-07-26,"Baseline",238.797839425666
2019-07-27,"SevenDayAverage",254.197950985782
2019-07-27,"Baseline",238.205527442585
2019-07-28,"SevenDayAverage",260.713382799677
2019-07-28,"Baseline",237.613215459503
2019-07-29,"SevenDayAverage",262.638396744692
2019-07-29,"Baseline",236.724747484881
2019-07-30,"SevenDayAverage",264.563410689706
2019-07-30,"Baseline",235.836279510259
2019-07-31,"SevenDayAverage",259.6027978314
2019-07-31,"Baseline",235.725221013431
2019-08-01,"SevenDayAverage",258.381154366294
2019-08-01,"Baseline",235.614162516604
2019-08-02,"SevenDayAverage",257.159510901189
2019-08-02,"Baseline",235.503104019776
2019-08-03,"SevenDayAverage",254.383048480495
2019-08-03,"Baseline",235.392045522948
2019-08-04,"SevenDayAverage",251.606586059801
2019-08-04,"Baseline",234.059343561015
2019-08-05,"SevenDayAverage",243.832491281858
2019-08-05,"Baseline",232.726641599082
2019-08-06,"SevenDayAverage",244.010184876782
2019-08-06,"Baseline",232.578563603312
2019-08-07,"SevenDayAverage",244.187878471707
2019-08-07,"Baseline",232.430485607541
2019-08-08,"SevenDayAverage",250.940235078835
2019-08-08,"Baseline",232.282407611771
2019-08-09,"SevenDayAverage",249.829650110557
2019-08-09,"Baseline",232.134329616
2019-08-10,"SevenDayAverage",248.719065142279
2019-08-10,"Baseline",231.98625162023
2019-08-11,"SevenDayAverage",247.608480174002
2019-08-11,"Baseline",231.83817362446
2019-08-12,"SevenDayAverage",246.497895205724
2019-08-12,"Baseline",231.616056630804
2019-08-13,"SevenDayAverage",242.055555332614
2019-08-13,"Baseline",231.393939637149
2019-08-14,"SevenDayAverage",237.613215459503
2019-08-14,"Baseline",231.492658300996
2019-08-15,"SevenDayAverage",239.168034415092
2019-08-15,"Baseline",231.591376964843
2019-08-16,"SevenDayAverage",240.722853370681
2019-08-16,"Baseline",231.690095628689
2019-08-17,"SevenDayAverage",246.497895205724
2019-08-17,"Baseline",231.887532956383
2019-08-18,"SevenDayAverage",252.717171028079
2019-08-18,"Baseline",232.084970284077
2019-08-19,"SevenDayAverage",265.451878664328
2019-08-19,"Baseline",232.282407611771
2019-08-20,"SevenDayAverage",270.264413526865
2019-08-20,"Baseline",232.726641599082
2019-08-21,"SevenDayAverage",277.298118325956
2019-08-21,"Baseline",233.170875586393
2019-08-22,"SevenDayAverage",277.668313315382
2019-08-22,"Baseline",233.615109573704
2019-08-23,"SevenDayAverage",278.038508304808
2019-08-23,"Baseline",233.763187569474
2019-08-24,"SevenDayAverage",274.040402419009
2019-08-24,"Baseline",233.911265565245
2019-08-25,"SevenDayAverage",268.487477577621
2019-08-25,"Baseline",234.059343561015
2019-08-26,"SevenDayAverage",266.821600125204
2019-08-26,"Baseline",234.059343561015
2019-08-27,"SevenDayAverage",265.155722672788
2019-08-27,"Baseline",234.059343561015
2019-08-28,"SevenDayAverage",262.046084761611
2019-08-28,"Baseline",234.503577548326
2019-08-29,"SevenDayAverage",258.936446850433
2019-08-29,"Baseline",234.947811535637
2019-08-30,"SevenDayAverage",257.6037448885
2019-08-30,"Baseline",235.392045522948
2019-08-31,"SevenDayAverage",256.271042926567
2019-08-31,"Baseline",235.392045522948
2019-09-01,"SevenDayAverage",253.16140501539
2019-09-01,"Baseline",235.392045522948
2019-09-02,"SevenDayAverage",253.294675211583
2019-09-02,"Baseline",235.392045522948
2019-09-03,"SevenDayAverage",253.427945407776
2019-09-03,"Baseline",235.98435750603
2019-09-04,"SevenDayAverage",255.974886935026
2019-09-04,"Baseline",236.576669489111
2019-09-05,"SevenDayAverage",255.234496956175
2019-09-05,"Baseline",237.168981472192
2019-09-06,"SevenDayAverage",254.494106977323
2019-09-06,"Baseline",237.168981472192
2019-09-07,"SevenDayAverage",255.826808939256
2019-09-07,"Baseline",237.168981472192
2019-09-08,"SevenDayAverage",257.159510901189
2019-09-08,"Baseline",237.465137463733
2019-09-09,"SevenDayAverage",257.307588896959
2019-09-09,"Baseline",237.761293455274
2019-09-10,"SevenDayAverage",257.45566689273
2019-09-10,"Baseline",238.057449446814
2019-09-11,"SevenDayAverage",256.271042926567
2019-09-11,"Baseline",238.501683434125
2019-09-12,"SevenDayAverage",258.492212863122
2019-09-12,"Baseline",238.945917421436
2019-09-13,"SevenDayAverage",260.713382799677
2019-09-13,"Baseline",239.390151408747
2019-09-14,"SevenDayAverage",262.934552736233
2019-09-14,"Baseline",239.982463391829
2019-09-15,"SevenDayAverage",265.155722672788
2019-09-15,"Baseline",240.57477537491
2019-09-16,"SevenDayAverage",265.748034655869
2019-09-16,"Baseline",241.167087357992
2019-09-17,"SevenDayAverage",266.340346638951
2019-09-17,"Baseline",242.055555332614
2019-09-18,"SevenDayAverage",268.709594571276
2019-09-18,"Baseline",242.944023307236
2019-09-19,"SevenDayAverage",267.080736617802
2019-09-19,"Baseline",242.944023307236
2019-09-20,"SevenDayAverage",265.451878664328
2019-09-20,"Baseline",242.944023307236
2019-09-21,"SevenDayAverage",265.748034655869
2019-09-21,"Baseline",242.944023307236
2019-09-22,"SevenDayAverage",266.04419064741
2019-09-22,"Baseline",243.536335290317
2019-09-23,"SevenDayAverage",264.711488685477
2019-09-23,"Baseline",244.128647273399
2019-09-24,"SevenDayAverage",263.378786723544
2019-09-24,"Baseline",244.72095925648
2019-09-25,"SevenDayAverage",262.04608476161
2019-09-25,"Baseline",245.609427231102
2019-09-26,"SevenDayAverage",260.713382799677
2019-09-26,"Baseline",246.497895205724
2019-09-27,"SevenDayAverage",263.823020710855
2019-09-27,"Baseline",247.238285184576
2019-09-28,"SevenDayAverage",266.932658622032
2019-09-28,"Baseline",247.978675163428
2019-09-29,"SevenDayAverage",272.855778452846
2019-09-29,"Baseline",248.719065142279
2019-09-30,"SevenDayAverage",274.225499913722
2019-09-30,"Baseline",249.16329912959
2019-10-01,"SevenDayAverage",275.595221374597
2019-10-01,"Baseline",249.607533116901
2019-10-02,"SevenDayAverage",281.814497196952
2019-10-02,"Baseline",250.051767104212
2019-10-03,"SevenDayAverage",282.369789681091
2019-10-03,"Baseline",250.644079087294
2019-10-04,"SevenDayAverage",282.925082165229
2019-10-04,"Baseline",251.236391070375
2019-10-05,"SevenDayAverage",282.925082165229
2019-10-05,"Baseline",251.828703053457
2019-10-06,"SevenDayAverage",282.925082165229
2019-10-06,"Baseline",252.939288021734
2019-10-07,"SevenDayAverage",285.590486089096
2019-10-07,"Baseline",254.049872990012
2019-10-08,"SevenDayAverage",288.255890012962
2019-10-08,"Baseline",254.049872990012
2019-10-09,"SevenDayAverage",287.071266046799
2019-10-09,"Baseline",254.049872990012
2019-10-10,"SevenDayAverage",285.886642080636
2019-10-10,"Baseline",254.049872990012
2019-10-11,"SevenDayAverage",284.850096110244
2019-10-11,"Baseline",254.642184973093
2019-10-12,"SevenDayAverage",283.813550139851
2019-10-12,"Baseline",255.234496956175
2019-10-13,"SevenDayAverage",277.372157323841
2019-10-13,"Baseline",255.826808939256
2019-10-14,"SevenDayAverage",276.594747846047
2019-10-14,"Baseline",256.271042926567
2019-10-15,"SevenDayAverage",275.817338368253
2019-10-15,"Baseline",256.715276913878
2019-10-16,"SevenDayAverage",277.150040330186
2019-10-16,"Baseline",257.159510901189
2019-10-17,"SevenDayAverage",278.482742292119
2019-10-17,"Baseline",258.270095869467
2019-10-18,"SevenDayAverage",283.280469355078
2019-10-18,"Baseline",259.380680837744
2019-10-19,"SevenDayAverage",285.62010168825
2019-10-19,"Baseline",259.824914825055
2019-10-20,"SevenDayAverage",287.959734021421
2019-10-20,"Baseline",260.269148812366
2019-10-21,"SevenDayAverage",286.182798072177
2019-10-21,"Baseline",260.713382799677
2019-10-22,"SevenDayAverage",284.405862122933
2019-10-22,"Baseline",260.861460795448
2019-10-23,"SevenDayAverage",283.665472144081
2019-10-23,"Baseline",261.009538791218
2019-10-24,"SevenDayAverage",282.925082165229
2019-10-24,"Baseline",261.157616786988
2019-10-25,"SevenDayAverage",283.591433146196
2019-10-25,"Baseline",262.268201755266
2019-10-26,"SevenDayAverage",284.257784127162
2019-10-26,"Baseline",263.378786723544
2019-10-27,"SevenDayAverage",290.032825962206
2019-10-27,"Baseline",263.823020710855
2019-10-28,"SevenDayAverage",293.053617075921
2019-10-28,"Baseline",264.267254698166
2019-10-29,"SevenDayAverage",296.074408189636
2019-10-29,"Baseline",264.711488685477
2019-10-30,"SevenDayAverage",296.607488974409
2019-10-30,"Baseline",265.303800668558
2019-10-31,"SevenDayAverage",297.140569759183
2019-10-31,"Baseline",265.896112651639
2019-11-01,"SevenDayAverage",292.994385877613
2019-11-01,"Baseline",266.488424634721
2019-11-02,"SevenDayAverage",288.552046004503
2019-11-02,"Baseline",266.932658622032
2019-11-03,"SevenDayAverage",287.66357802988
2019-11-03,"Baseline",267.376892609343
2019-11-04,"SevenDayAverage",286.775110055258
2019-11-04,"Baseline",267.821126596654
2019-11-05,"SevenDayAverage",286.923188051029
2019-11-05,"Baseline",268.487477577621
2019-11-06,"SevenDayAverage",287.071266046799
2019-11-06,"Baseline",269.153828558587
2019-11-07,"SevenDayAverage",283.813550139851
2019-11-07,"Baseline",269.301906554358
2019-11-08,"SevenDayAverage",288.478007006617
2019-11-08,"Baseline",269.449984550128
2019-11-09,"SevenDayAverage",288.011561319941
2019-11-09,"Baseline",269.598062545898
2019-11-10,"SevenDayAverage",287.545115633264
2019-11-10,"Baseline",270.634608516291
2019-11-11,"SevenDayAverage",288.788970797735
2019-11-11,"Baseline",271.671154486683
2019-11-12,"SevenDayAverage",290.032825962206
2019-11-12,"Baseline",272.707700457075
2019-11-13,"SevenDayAverage",291.698703414622
2019-11-13,"Baseline",273.596168431698
2019-11-14,"SevenDayAverage",293.364580867039
2019-11-14,"Baseline",274.48463640632
2019-11-15,"SevenDayAverage",300.25020767036
2019-11-15,"Baseline",275.373104380942
2019-11-16,"SevenDayAverage",307.209873471566
2019-11-16,"Baseline",277.594274317497
2019-11-17,"SevenDayAverage",307.209873471566
2019-11-17,"Baseline",279.815444254052
2019-11-18,"SevenDayAverage",307.209873471566
2019-11-18,"Baseline",280.555834232904
2019-11-19,"SevenDayAverage",306.025249505404
2019-11-19,"Baseline",281.296224211756
2019-11-20,"SevenDayAverage",304.840625539241
2019-11-20,"Baseline",282.036614190607
2019-11-21,"SevenDayAverage",300.25020767036
2019-11-21,"Baseline",283.813550139851
2019-11-22,"SevenDayAverage",294.179009843776
2019-11-22,"Baseline",285.590486089096
2019-11-23,"SevenDayAverage",294.104970845891
2019-11-23,"Baseline",286.775110055258
2019-11-24,"SevenDayAverage",294.030931848005
2019-11-24,"Baseline",287.959734021421
2019-11-25,"SevenDayAverage",298.473271721116
2019-11-25,"Baseline",289.144357987584
2019-11-26,"SevenDayAverage",302.915611594226
2019-11-26,"Baseline",290.921293936828
2019-11-27,"SevenDayAverage",309.579121403892
2019-11-27,"Baseline",292.698229886072
2019-11-28,"SevenDayAverage",316.686865200868
2019-11-28,"Baseline",293.290541869154
2019-11-29,"SevenDayAverage",324.386920980926
2019-11-29,"Baseline",293.882853852235
2019-11-30,"SevenDayAverage",329.569650832889
2019-11-30,"Baseline",294.475165835316
2019-12-01,"SevenDayAverage",332.679288744066
2019-12-01,"Baseline",296.252101784561
2019-12-02,"SevenDayAverage",332.531210748296
2019-12-02,"Baseline",298.029037733805
2019-12-03,"SevenDayAverage",332.383132752525
2019-12-03,"Baseline",299.213661699968
2019-12-04,"SevenDayAverage",334.752380684851
2019-12-04,"Baseline",300.39828566613
2019-12-05,"SevenDayAverage",337.121628617176
2019-12-05,"Baseline",301.582909632293
2019-12-06,"SevenDayAverage",340.675500515665
2019-12-06,"Baseline",302.471377606915
2019-12-07,"SevenDayAverage",343.007728949048
2019-12-07,"Baseline",303.359845581537
2019-12-08,"SevenDayAverage",345.33995738243
2019-12-08,"Baseline",304.248313556159
2019-12-09,"SevenDayAverage",345.969288864454
2019-12-09,"Baseline",305.136781530781
2019-12-10,"SevenDayAverage",346.598620346478
2019-12-10,"Baseline",306.025249505404
2019-12-11,"SevenDayAverage",345.858230367627
2019-12-11,"Baseline",306.469483492715
2019-12-12,"SevenDayAverage",345.117840388775
2019-12-12,"Baseline",306.913717480026
2019-12-13,"SevenDayAverage",343.488982435301
2019-12-13,"Baseline",307.357951467337
2019-12-14,"SevenDayAverage",341.860124481827
2019-12-14,"Baseline",307.357951467337
2019-12-15,"SevenDayAverage",341.563968490287
2019-12-15,"Baseline",307.357951467337
2019-12-16,"SevenDayAverage",348.449595293608
2019-12-16,"Baseline",307.357951467337
2019-12-17,"SevenDayAverage",349.449121765058
2019-12-17,"Baseline",308.468536435614
2019-12-18,"SevenDayAverage",350.448648236507
2019-12-18,"Baseline",309.579121403892
2019-12-19,"SevenDayAverage",346.302464354938
2019-12-19,"Baseline",309.431043408121
2019-12-20,"SevenDayAverage",344.969762393005
2019-12-20,"Baseline",309.282965412351
2019-12-21,"SevenDayAverage",343.637060431072
2019-12-21,"Baseline",309.134887416581
2019-12-22,"SevenDayAverage",344.821684397234
2019-12-22,"Baseline",307.135834473681
2019-12-23,"SevenDayAverage",344.969762393005
2019-12-23,"Baseline",305.136781530781
2019-12-24,"SevenDayAverage",345.117840388775
2019-12-24,"Baseline",303.359845581537
2019-12-25,"SevenDayAverage",338.543177376572
2019-12-25,"Baseline",301.582909632293
2019-12-26,"SevenDayAverage",337.388169009563
2019-12-26,"Baseline",300.990597649212
2019-12-27,"SevenDayAverage",336.233160642554
2019-12-27,"Baseline",300.39828566613
2019-12-28,"SevenDayAverage",330.902352794822
2019-12-28,"Baseline",299.805973683049
2019-12-29,"SevenDayAverage",319.056113133194
2019-12-29,"Baseline",299.213661699968
2019-12-30,"SevenDayAverage",313.725305285462
2019-12-30,"Baseline",298.621349716886
2019-12-31,"SevenDayAverage",303.359845581537
2019-12-31,"Baseline",298.029037733805
2020-01-01,"SevenDayAverage",297.473745249666
2020-01-01,"Baseline",297.436725750723
2020-01-02,"SevenDayAverage",291.587644917795
2020-01-02,"Baseline",296.844413767642
2020-01-03,"SevenDayAverage",287.36742203834
2020-01-03,"Baseline",296.252101784561
2020-01-04,"SevenDayAverage",282.332770182148
2020-01-04,"Baseline",295.363633809939
2020-01-05,"SevenDayAverage",283.295277154655
2020-01-05,"Baseline",294.475165835316
2020-01-06,"SevenDayAverage",284.257784127162
2020-01-06,"Baseline",293.882853852235
2020-01-07,"SevenDayAverage",285.190675500516
2020-01-07,"Baseline",293.290541869154
2020-01-08,"SevenDayAverage",286.123566873869
2020-01-08,"Baseline",292.698229886072
2020-01-09,"SevenDayAverage",284.302207525894
2020-01-09,"Baseline",293.919718524611
2020-01-10,"SevenDayAverage",282.480848177918
2020-01-10,"Baseline",295.141207163149
2020-01-11,"SevenDayAverage",284.934812118089
2020-01-11,"Baseline",296.362695801688
2020-01-12,"SevenDayAverage",283.79240476856
2020-01-12,"Baseline",295.891606000728
2020-01-13,"SevenDayAverage",285.471634723284
2020-01-13,"Baseline",295.420516199769
2020-01-14,"SevenDayAverage",287.150864678008
2020-01-14,"Baseline",294.949426398809
2020-01-15,"SevenDayAverage",286.169529511293
2020-01-15,"Baseline",294.466037372707
2020-01-16,"SevenDayAverage",285.188194344578
2020-01-16,"Baseline",293.982648346605
2020-01-17,"SevenDayAverage",284.045164731491
2020-01-17,"Baseline",293.499259320503
2020-01-18,"SevenDayAverage",282.902135118404
2020-01-18,"Baseline",293.185952082986
2020-01-19,"SevenDayAverage",277.294357218731
2020-01-19,"Baseline",292.872644845469
2020-01-20,"SevenDayAverage",271.989988041263
2020-01-20,"Baseline",292.559337607952
2020-01-21,"SevenDayAverage",266.685618863796
2020-01-21,"Baseline",292.016710345506
2020-01-22,"SevenDayAverage",259.218835169928
2020-01-22,"Baseline",291.47408308306
2020-01-23,"SevenDayAverage",261.796401852512
2020-01-23,"Baseline",289.468946969279
2020-01-24,"SevenDayAverage",262.289365871037
2020-01-24,"Baseline",287.463810855498
2020-01-25,"SevenDayAverage",262.782329889562
2020-01-25,"Baseline",285.458674741717
2020-01-26,"SevenDayAverage",269.683826148913
2020-01-26,"Baseline",285.349127182045
2020-01-27,"SevenDayAverage",273.134574278589
2020-01-27,"Baseline",285.239579622373
2020-01-28,"SevenDayAverage",276.585322408265
2020-01-28,"Baseline",285.1300320627
2020-01-29,"SevenDayAverage",285.1300320627
2020-01-29,"Baseline",285.020484503028
2020-01-30,"SevenDayAverage",284.637068044175
2020-01-30,"Baseline",284.910936943356
2020-01-31,"SevenDayAverage",284.14410402565
2020-01-31,"Baseline",284.801389383684
2020-02-01,"SevenDayAverage",281.514962593516
2020-02-01,"Baseline",284.691841824011
2020-02-02,"SevenDayAverage",278.885821161382
2020-02-02,"Baseline",284.582294264339
2020-02-03,"SevenDayAverage",277.680798004988
2020-02-03,"Baseline",284.472746704667
2020-02-04,"SevenDayAverage",276.475774848593
2020-02-04,"Baseline",284.308425365158
2020-02-05,"SevenDayAverage",275.270751692198
2020-02-05,"Baseline",284.14410402565
2020-02-06,"SevenDayAverage",274.942109013181
2020-02-06,"Baseline",283.979782686142
2020-02-07,"SevenDayAverage",274.613466334165
2020-02-07,"Baseline",283.733300676879
2020-02-08,"SevenDayAverage",280.857677235483
2020-02-08,"Baseline",283.486818667617
2020-02-09,"SevenDayAverage",283.322497328108
2020-02-09,"Baseline",283.240336658354
2020-02-10,"SevenDayAverage",285.787317420734
2020-02-10,"Baseline",282.993854649092
2020-02-11,"SevenDayAverage",284.14410402565
2020-02-11,"Baseline",282.747372639829
2020-02-12,"SevenDayAverage",282.500890630566
2020-02-12,"Baseline",282.500890630566
2020-02-13,"SevenDayAverage",281.646419665123
2020-02-13,"Baseline",282.254408621304
2020-02-14,"SevenDayAverage",280.791948699679
2020-02-14,"Baseline",282.007926612041
2020-02-15,"SevenDayAverage",279.937477734236
2020-02-15,"Baseline",281.761444602779
2020-02-16,"SevenDayAverage",279.740292126826
2020-02-16,"Baseline",281.514962593516
2020-02-17,"SevenDayAverage",279.543106519416
2020-02-17,"Baseline",281.268480584254
2020-02-18,"SevenDayAverage",281.021998574991
2020-02-18,"Baseline",281.021998574991
2020-02-19,"SevenDayAverage",282.500890630566
2020-02-19,"Baseline",280.775516565728
2020-02-20,"SevenDayAverage",288.416458852868
2020-02-20,"Baseline",280.529034556466
2020-02-21,"SevenDayAverage",288.416458852868
2020-02-21,"Baseline",279.871749198432
2020-02-22,"SevenDayAverage",288.416458852868
2020-02-22,"Baseline",279.214463840399
2020-02-23,"SevenDayAverage",288.416458852868
2020-02-23,"Baseline",278.557178482366
2020-02-24,"SevenDayAverage",288.252137513359
2020-02-24,"Baseline",277.899893124332
2020-02-25,"SevenDayAverage",288.087816173851
2020-02-25,"Baseline",277.242607766299
2020-02-26,"SevenDayAverage",288.416458852868
2020-02-26,"Baseline",276.585322408265
2020-02-27,"SevenDayAverage",288.745101531885
2020-02-27,"Baseline",276.338840399002
2020-02-28,"SevenDayAverage",289.566708229426
2020-02-28,"Baseline",276.09235838974
2020-02-29,"SevenDayAverage",290.388314926968
2020-02-29,"Baseline",275.270751692198
2020-03-01,"SevenDayAverage",295.317955112219
2020-03-01,"Baseline",274.449144994656
2020-03-02,"SevenDayAverage",294.824991093694
2020-03-02,"Baseline",273.627538297114
2020-03-03,"SevenDayAverage",294.332027075169
2020-03-03,"Baseline",273.298895618098
2020-03-04,"SevenDayAverage",294.332027075169
2020-03-04,"Baseline",272.970252939081
2020-03-05,"SevenDayAverage",294.332027075169
2020-03-05,"Baseline",272.641610260064
2020-03-06,"SevenDayAverage",292.606653010331
2020-03-06,"Baseline",271.984324902031
2020-03-07,"SevenDayAverage",290.881278945493
2020-03-07,"Baseline",271.327039543997
2020-03-08,"SevenDayAverage",290.826505165657
2020-03-08,"Baseline",270.669754185964
2020-03-09,"SevenDayAverage",290.771731385821
2020-03-09,"Baseline",270.341111506947
2020-03-10,"SevenDayAverage",290.716957605985
2020-03-10,"Baseline",270.01246882793
2020-03-11,"SevenDayAverage",287.430530815818
2020-03-11,"Baseline",269.683826148913
2020-03-12,"SevenDayAverage",291.045600285002
2020-03-12,"Baseline",268.944380121126
2020-03-13,"SevenDayAverage",294.660669754186
2020-03-13,"Baseline",268.204934093338
2020-03-14,"SevenDayAverage",300.411916636979
2020-03-14,"Baseline",267.711970074813
2020-03-15,"SevenDayAverage",306.163163519772
2020-03-15,"Baseline",267.219006056288
2020-03-16,"SevenDayAverage",314.790033843962
2020-03-16,"Baseline",266.726042037763
2020-03-17,"SevenDayAverage",321.938012112576
2020-03-17,"Baseline",265.575792661204
2020-03-18,"SevenDayAverage",329.825436408978
2020-03-18,"Baseline",264.425543284646
2020-03-19,"SevenDayAverage",333.276184538653
2020-03-19,"Baseline",263.275293908087
2020-03-20,"SevenDayAverage",336.726932668329
2020-03-20,"Baseline",262.125044531528
2020-03-21,"SevenDayAverage",340.424162807268
2020-03-21,"Baseline",260.97479515497
2020-03-22,"SevenDayAverage",344.121392946206
2020-03-22,"Baseline",259.824545778411
2020-03-23,"SevenDayAverage",349.051033131457
2020-03-23,"Baseline",257.359725685786
2020-03-24,"SevenDayAverage",353.980673316708
2020-03-24,"Baseline",254.89490559316
2020-03-25,"SevenDayAverage",356.445493409334
2020-03-25,"Baseline",253.744656216601
2020-03-26,"SevenDayAverage",358.910313501959
2020-03-26,"Baseline",252.594406840043
2020-03-27,"SevenDayAverage",368.276629853937
2020-03-27,"Baseline",251.444157463484
2020-03-28,"SevenDayAverage",375.178126113288
2020-03-28,"Baseline",249.718783398646
2020-03-29,"SevenDayAverage",382.07962237264
2020-03-29,"Baseline",247.993409333808
2020-03-30,"SevenDayAverage",390.706492696829
2020-03-30,"Baseline",247.336123975775
2020-03-31,"SevenDayAverage",392.96591111507
2020-03-31,"Baseline",246.678838617741
2020-04-01,"SevenDayAverage",395.22532953331
2020-04-01,"Baseline",246.021553259708
2020-04-02,"SevenDayAverage",403.441396508728
2020-04-02,"Baseline",245.035625222658
2020-04-03,"SevenDayAverage",402.619789811186
2020-04-03,"Baseline",244.049697185607
2020-04-04,"SevenDayAverage",401.798183113644
2020-04-04,"Baseline",243.063769148557
2020-04-05,"SevenDayAverage",396.868542928393
2020-04-05,"Baseline",241.091913074457
2020-04-06,"SevenDayAverage",391.938902743142
2020-04-06,"Baseline",239.120057000356
2020-04-07,"SevenDayAverage",389.309761311008
2020-04-07,"Baseline",238.462771642323
2020-04-08,"SevenDayAverage",386.680619878874
2020-04-08,"Baseline",237.805486284289
2020-04-09,"SevenDayAverage",380.107766298539
2020-04-09,"Baseline",237.148200926256
2020-04-10,"SevenDayAverage",373.206270039188
2020-04-10,"Baseline",235.504987531172
2020-04-11,"SevenDayAverage",358.417349483434
2020-04-11,"Baseline",233.861774136088
2020-04-12,"SevenDayAverage",351.515853224083
2020-04-12,"Baseline",232.218560741005
2020-04-13,"SevenDayAverage",343.628428927681
2020-04-13,"Baseline",230.246704666904
2020-04-14,"SevenDayAverage",331.797292483078
2020-04-14,"Baseline",228.274848592804
2020-04-15,"SevenDayAverage",324.895796223726
2020-04-15,"Baseline",227.946205913787
2020-04-16,"SevenDayAverage",319.637513359458
2020-04-16,"Baseline",227.61756323477
2020-04-17,"SevenDayAverage",319.418418240114
2020-04-17,"Baseline",227.288920555753
2020-04-18,"SevenDayAverage",319.199323120769
2020-04-18,"Baseline",227.288920555753
2020-04-19,"SevenDayAverage",318.980228001425
2020-04-19,"Baseline",227.288920555753
2020-04-20,"SevenDayAverage",312.40737442109
2020-04-20,"Baseline",227.288920555753
2020-04-21,"SevenDayAverage",310.517679016744
2020-04-21,"Baseline",227.288920555753
2020-04-22,"SevenDayAverage",308.627983612398
2020-04-22,"Baseline",227.288920555753
2020-04-23,"SevenDayAverage",303.205379408621
2020-04-23,"Baseline",227.288920555753
2020-04-24,"SevenDayAverage",297.782775204845
2020-04-24,"Baseline",227.288920555753
2020-04-25,"SevenDayAverage",293.017456359102
2020-04-25,"Baseline",227.288920555753
2020-04-26,"SevenDayAverage",291.456403633773
2020-04-26,"Baseline",227.288920555753
2020-04-27,"SevenDayAverage",289.895350908443
2020-04-27,"Baseline",227.61756323477
2020-04-28,"SevenDayAverage",285.787317420734
2020-04-28,"Baseline",227.946205913787
2020-04-29,"SevenDayAverage",285.499755076594
2020-04-29,"Baseline",228.274848592804
2020-04-30,"SevenDayAverage",285.212192732455
2020-04-30,"Baseline",228.274848592804
2020-05-01,"SevenDayAverage",279.050142500891
2020-05-01,"Baseline",228.274848592804
2020-05-02,"SevenDayAverage",272.641610260064
2020-05-02,"Baseline",228.60349127182
2020-05-03,"SevenDayAverage",266.397399358746
2020-05-03,"Baseline",228.932133950837
2020-05-04,"SevenDayAverage",264.64463840399
2020-05-04,"Baseline",229.260776629854
2020-05-05,"SevenDayAverage",262.891877449234
2020-05-05,"Baseline",229.589419308871
2020-05-06,"SevenDayAverage",261.139116494478
2020-05-06,"Baseline",229.918061987887
2020-05-07,"SevenDayAverage",259.660224438903
2020-05-07,"Baseline",230.246704666904
2020-05-08,"SevenDayAverage",258.181332383327
2020-05-08,"Baseline",229.918061987887
2020-05-09,"SevenDayAverage",259.495903099394
2020-05-09,"Baseline",229.589419308871
2020-05-10,"SevenDayAverage",260.810473815461
2020-05-10,"Baseline",229.260776629854
2020-05-11,"SevenDayAverage",260.810473815461
2020-05-11,"Baseline",229.589419308871
2020-05-12,"SevenDayAverage",260.810473815461
2020-05-12,"Baseline",229.918061987887
2020-05-13,"SevenDayAverage",254.89490559316
2020-05-13,"Baseline",230.246704666904
2020-05-14,"SevenDayAverage",255.661738510866
2020-05-14,"Baseline",230.246704666904
2020-05-15,"SevenDayAverage",256.428571428571
2020-05-15,"Baseline",230.246704666904
2020-05-16,"SevenDayAverage",257.195404346277
2020-05-16,"Baseline",230.246704666904
2020-05-17,"SevenDayAverage",259.331581759886
2020-05-17,"Baseline",230.246704666904
2020-05-18,"SevenDayAverage",261.467759173495
2020-05-18,"Baseline",230.246704666904
2020-05-19,"SevenDayAverage",262.125044531528
2020-05-19,"Baseline",230.246704666904
2020-05-20,"SevenDayAverage",262.782329889562
2020-05-20,"Baseline",230.246704666904
2020-05-21,"SevenDayAverage",262.453687210545
2020-05-21,"Baseline",230.246704666904
2020-05-22,"SevenDayAverage",262.125044531528
2020-05-22,"Baseline",230.246704666904
2020-05-23,"SevenDayAverage",261.796401852512
2020-05-23,"Baseline",229.918061987887
2020-05-24,"SevenDayAverage",260.153188457428
2020-05-24,"Baseline",229.589419308871
2020-05-25,"SevenDayAverage",258.509975062344
2020-05-25,"Baseline",229.260776629854
2020-05-26,"SevenDayAverage",259.331581759886
2020-05-26,"Baseline",229.589419308871
2020-05-27,"SevenDayAverage",260.153188457428
2020-05-27,"Baseline",229.918061987887
2020-05-28,"SevenDayAverage",259.714998218739
2020-05-28,"Baseline",230.246704666904
2020-05-29,"SevenDayAverage",259.27680798005
2020-05-29,"Baseline",229.589419308871
2020-05-30,"SevenDayAverage",258.838617741361
2020-05-30,"Baseline",228.932133950837
2020-05-31,"SevenDayAverage",256.620279657998
2020-05-31,"Baseline",228.274848592804
2020-06-01,"SevenDayAverage",254.401941574635
2020-06-01,"Baseline",228.274848592804
2020-06-02,"SevenDayAverage",252.512246170289
2020-06-02,"Baseline",228.274848592804
2020-06-03,"SevenDayAverage",250.622550765942
2020-06-03,"Baseline",228.274848592804
2020-06-04,"SevenDayAverage",249.307980049875
2020-06-04,"Baseline",228.274848592804
2020-06-05,"SevenDayAverage",247.993409333808
2020-06-05,"Baseline",228.274848592804
2020-06-06,"SevenDayAverage",245.528589241183
2020-06-06,"Baseline",228.274848592804
2020-06-07,"SevenDayAverage",243.063769148557
2020-06-07,"Baseline",227.781884574279
2020-06-08,"SevenDayAverage",242.625578909868
2020-06-08,"Baseline",227.288920555753
2020-06-09,"SevenDayAverage",242.187388671179
2020-06-09,"Baseline",227.288920555753
2020-06-10,"SevenDayAverage",241.74919843249
2020-06-10,"Baseline",227.288920555753
2020-06-11,"SevenDayAverage",244.049697185607
2020-06-11,"Baseline",227.288920555753
2020-06-12,"SevenDayAverage",246.350195938725
2020-06-12,"Baseline",227.288920555753
2020-06-13,"SevenDayAverage",249.143658710367
2020-06-13,"Baseline",227.288920555753
2020-06-14,"SevenDayAverage",251.937121482009
2020-06-14,"Baseline",227.288920555753
2020-06-15,"SevenDayAverage",252.375311720698
2020-06-15,"Baseline",227.946205913787
2020-06-16,"SevenDayAverage",252.813501959387
2020-06-16,"Baseline",228.60349127182
2020-06-17,"SevenDayAverage",253.251692198076
2020-06-17,"Baseline",229.260776629854
2020-06-18,"SevenDayAverage",251.937121482009
2020-06-18,"Baseline",229.589419308871
2020-06-19,"SevenDayAverage",250.622550765942
2020-06-19,"Baseline",229.918061987887
2020-06-20,"SevenDayAverage",252.92304951906
2020-06-20,"Baseline",230.246704666904
2020-06-21,"SevenDayAverage",255.223548272177
2020-06-21,"Baseline",230.575347345921
2020-06-22,"SevenDayAverage",263.768257926612
2020-06-22,"Baseline",230.903990024938
2020-06-23,"SevenDayAverage",272.970252939081
2020-06-23,"Baseline",231.232632703954
2020-06-24,"SevenDayAverage",280.857677235483
2020-06-24,"Baseline",232.054239401496
2020-06-25,"SevenDayAverage",280.693355895974
2020-06-25,"Baseline",232.875846099038
2020-06-26,"SevenDayAverage",280.529034556466
2020-06-26,"Baseline",233.69745279658
2020-06-27,"SevenDayAverage",274.120502315639
2020-06-27,"Baseline",233.861774136088
2020-06-28,"SevenDayAverage",269.683826148913
2020-06-28,"Baseline",234.026095475597
2020-06-29,"SevenDayAverage",264.261221945137
2020-06-29,"Baseline",234.190416815105
2020-06-30,"SevenDayAverage",258.961858745992
2020-06-30,"Baseline",235.66930887068
2020-07-01,"SevenDayAverage",253.662495546847
2020-07-01,"Baseline",237.148200926256
2020-07-02,"SevenDayAverage",256.579199323121
2020-07-02,"Baseline",237.476843605273
2020-07-03,"SevenDayAverage",259.495903099394
2020-07-03,"Baseline",237.805486284289
2020-07-04,"SevenDayAverage",259.331581759886
2020-07-04,"Baseline",238.134128963306
2020-07-05,"SevenDayAverage",259.167260420378
2020-07-05,"Baseline",238.627092981831
2020-07-06,"SevenDayAverage",262.125044531528
2020-07-06,"Baseline",239.120057000356
2020-07-07,"SevenDayAverage",265.082828642679
2020-07-07,"Baseline",239.613021018881
2020-07-08,"SevenDayAverage",267.383327395796
2020-07-08,"Baseline",240.434627716423
2020-07-09,"SevenDayAverage",269.683826148913
2020-07-09,"Baseline",241.256234413965
2020-07-10,"SevenDayAverage",275.599394371215
2020-07-10,"Baseline",242.077841111507
2020-07-11,"SevenDayAverage",277.07828642679
2020-07-11,"Baseline",242.077841111507
2020-07-12,"SevenDayAverage",278.557178482366
2020-07-12,"Baseline",242.077841111507
2020-07-13,"SevenDayAverage",276.913965087282
2020-07-13,"Baseline",242.73512646954
2020-07-14,"SevenDayAverage",275.270751692198
2020-07-14,"Baseline",243.392411827574
2020-07-15,"SevenDayAverage",275.435073031706
2020-07-15,"Baseline",244.049697185607
2020-07-16,"SevenDayAverage",275.599394371215
2020-07-16,"Baseline",243.392411827574
2020-07-17,"SevenDayAverage",277.07828642679
2020-07-17,"Baseline",242.73512646954
2020-07-18,"SevenDayAverage",278.557178482366
2020-07-18,"Baseline",242.077841111507
2020-07-19,"SevenDayAverage",280.857677235483
2020-07-19,"Baseline",242.077841111507
2020-07-20,"SevenDayAverage",283.1581759886
2020-07-20,"Baseline",242.077841111507
2020-07-21,"SevenDayAverage",281.021998574991
2020-07-21,"Baseline",242.077841111507
2020-07-22,"SevenDayAverage",278.885821161382
2020-07-22,"Baseline",242.077841111507
2020-07-23,"SevenDayAverage",274.613466334165
2020-07-23,"Baseline",240.598949055932
2020-07-24,"SevenDayAverage",274.942109013181
2020-07-24,"Baseline",239.120057000356
2020-07-25,"SevenDayAverage",275.270751692198
2020-07-25,"Baseline",238.462771642323
2020-07-26,"SevenDayAverage",277.352155325971
2020-07-26,"Baseline",237.805486284289
2020-07-27,"SevenDayAverage",279.433558959743
2020-07-27,"Baseline",237.148200926256
2020-07-28,"SevenDayAverage",281.514962593516
2020-07-28,"Baseline",236.819558247239
2020-07-29,"SevenDayAverage",284.867117919487
2020-07-29,"Baseline",236.490915568222
2020-07-30,"SevenDayAverage",288.219273245458
2020-07-30,"Baseline",236.162272889206
2020-07-31,"SevenDayAverage",287.824902030638
2020-07-31,"Baseline",235.66930887068
2020-08-01,"SevenDayAverage",287.430530815818
2020-08-01,"Baseline",235.176344852155
2020-08-02,"SevenDayAverage",274.284823655148
2020-08-02,"Baseline",234.847702173139
2020-08-03,"SevenDayAverage",274.887335233345
2020-08-03,"Baseline",234.519059494122
2020-08-04,"SevenDayAverage",275.489846811543
2020-08-04,"Baseline",234.190416815105
2020-08-05,"SevenDayAverage",276.09235838974
2020-08-05,"Baseline",233.533131457072
2020-08-06,"SevenDayAverage",278.475017812611
2020-08-06,"Baseline",232.875846099038
2020-08-07,"SevenDayAverage",280.857677235483
2020-08-07,"Baseline",232.218560741005
2020-08-08,"SevenDayAverage",301.233523334521
2020-08-08,"Baseline",231.889918061988
2020-08-09,"SevenDayAverage",309.613911649448
2020-08-09,"Baseline",231.561275382971
2020-08-10,"SevenDayAverage",307.066930887068
2020-08-10,"Baseline",231.232632703954
2020-08-11,"SevenDayAverage",304.519950124688
2020-08-11,"Baseline",231.232632703954
2020-08-12,"SevenDayAverage",297.618453865337
2020-08-12,"Baseline",231.232632703954
2020-08-13,"SevenDayAverage",295.482276451728
2020-08-13,"Baseline",231.232632703954
2020-08-14,"SevenDayAverage",293.346099038119
2020-08-14,"Baseline",231.232632703954
2020-08-15,"SevenDayAverage",279.543106519416
2020-08-15,"Baseline",231.232632703954
2020-08-16,"SevenDayAverage",271.984324902031
2020-08-16,"Baseline",231.232632703954
2020-08-17,"SevenDayAverage",271.107944424653
2020-08-17,"Baseline",231.232632703954
2020-08-18,"SevenDayAverage",270.231563947275
2020-08-18,"Baseline",231.232632703954
2020-08-19,"SevenDayAverage",269.355183469897
2020-08-19,"Baseline",231.232632703954
2020-08-20,"SevenDayAverage",265.082828642679
2020-08-20,"Baseline",231.561275382971
2020-08-21,"SevenDayAverage",265.247149982187
2020-08-21,"Baseline",231.889918061988
2020-08-22,"SevenDayAverage",265.411471321696
2020-08-22,"Baseline",232.218560741005
2020-08-23,"SevenDayAverage",263.603936587104
2020-08-23,"Baseline",232.218560741005
2020-08-24,"SevenDayAverage",261.796401852512
2020-08-24,"Baseline",232.218560741005
2020-08-25,"SevenDayAverage",264.589864624154
2020-08-25,"Baseline",232.71152475953
2020-08-26,"SevenDayAverage",267.383327395796
2020-08-26,"Baseline",233.204488778055
2020-08-27,"SevenDayAverage",270.01246882793
2020-08-27,"Baseline",233.69745279658
2020-08-28,"SevenDayAverage",272.641610260064
2020-08-28,"Baseline",234.190416815105
2020-08-29,"SevenDayAverage",276.256679729248
2020-08-29,"Baseline",234.68338083363
2020-08-30,"SevenDayAverage",279.871749198432
2020-08-30,"Baseline",235.176344852155
2020-08-31,"SevenDayAverage",279.433558959743
2020-08-31,"Baseline",235.176344852155
2020-09-01,"SevenDayAverage",278.995368721055
2020-09-01,"Baseline",235.176344852155
2020-09-02,"SevenDayAverage",278.557178482366
2020-09-02,"Baseline",235.176344852155
2020-09-03,"SevenDayAverage",277.242607766299
2020-09-03,"Baseline",235.176344852155
2020-09-04,"SevenDayAverage",275.928037050232
2020-09-04,"Baseline",235.176344852155
2020-09-05,"SevenDayAverage",276.749643747773
2020-09-05,"Baseline",235.176344852155
2020-09-06,"SevenDayAverage",277.571250445315
2020-09-06,"Baseline",235.504987531172
2020-09-07,"SevenDayAverage",282.007926612041
2020-09-07,"Baseline",235.833630210189
2020-09-08,"SevenDayAverage",286.444602778767
2020-09-08,"Baseline",236.162272889206
2020-09-09,"SevenDayAverage",288.416458852868
2020-09-09,"Baseline",236.819558247239
2020-09-10,"SevenDayAverage",290.388314926968
2020-09-10,"Baseline",237.476843605273
2020-09-11,"SevenDayAverage",296.632525828286
2020-09-11,"Baseline",238.134128963306
2020-09-12,"SevenDayAverage",300.247595297471
2020-09-12,"Baseline",238.134128963306
2020-09-13,"SevenDayAverage",298.27573922337
2020-09-13,"Baseline",238.134128963306
2020-09-14,"SevenDayAverage",296.30388314927
2020-09-14,"Baseline",238.134128963306
2020-09-15,"SevenDayAverage",293.674741717136
2020-09-15,"Baseline",238.627092981831
2020-09-16,"SevenDayAverage",291.045600285002
2020-09-16,"Baseline",239.120057000356
2020-09-17,"SevenDayAverage",289.402386889918
2020-09-17,"Baseline",239.613021018881
2020-09-18,"SevenDayAverage",283.486818667617
2020-09-18,"Baseline",240.352467046669
2020-09-19,"SevenDayAverage",284.472746704667
2020-09-19,"Baseline",241.091913074457
2020-09-20,"SevenDayAverage",285.458674741717
2020-09-20,"Baseline",241.420555753473
2020-09-21,"SevenDayAverage",286.115960099751
2020-09-21,"Baseline",241.74919843249
2020-09-22,"SevenDayAverage",286.773245457784
2020-09-22,"Baseline",242.077841111507
2020-09-23,"SevenDayAverage",287.430530815818
2020-09-23,"Baseline",243.063769148557
2020-09-24,"SevenDayAverage",288.416458852868
2020-09-24,"Baseline",244.049697185607
2020-09-25,"SevenDayAverage",289.402386889918
2020-09-25,"Baseline",245.035625222658
2020-09-26,"SevenDayAverage",288.745101531885
2020-09-26,"Baseline",245.364267901674
2020-09-27,"SevenDayAverage",288.087816173851
2020-09-27,"Baseline",245.692910580691
2020-09-28,"SevenDayAverage",288.52600641254
2020-09-28,"Baseline",246.021553259708
2020-09-29,"SevenDayAverage",288.964196651229
2020-09-29,"Baseline",246.678838617741
2020-09-30,"SevenDayAverage",289.402386889918
2020-09-30,"Baseline",247.336123975775
2020-10-01,"SevenDayAverage",292.360171001069
2020-10-01,"Baseline",247.993409333808
2020-10-02,"SevenDayAverage",299.754631278945
2020-10-02,"Baseline",248.486373352333
2020-10-03,"SevenDayAverage",306.820448877805
2020-10-03,"Baseline",248.979337370859
2020-10-04,"SevenDayAverage",306.820448877805
2020-10-04,"Baseline",249.636622728892
2020-10-05,"SevenDayAverage",306.820448877805
2020-10-05,"Baseline",250.293908086926
2020-10-06,"SevenDayAverage",306.820448877805
2020-10-06,"Baseline",250.951193444959
2020-10-07,"SevenDayAverage",306.738288208051
2020-10-07,"Baseline",251.608478802992
2020-10-08,"SevenDayAverage",306.656127538297
2020-10-08,"Baseline",252.265764161026
2020-10-09,"SevenDayAverage",299.26166726042
2020-10-09,"Baseline",252.923049519059
2020-10-10,"SevenDayAverage",286.773245457784
2020-10-10,"Baseline",253.251692198076
2020-10-11,"SevenDayAverage",290.059672247952
2020-10-11,"Baseline",253.580334877093
2020-10-12,"SevenDayAverage",293.346099038119
2020-10-12,"Baseline",253.90897755611
2020-10-13,"SevenDayAverage",293.592581047382
2020-10-13,"Baseline",254.237620235126
2020-10-14,"SevenDayAverage",293.839063056644
2020-10-14,"Baseline",254.566262914143
2020-10-15,"SevenDayAverage",294.085545065907
2020-10-15,"Baseline",254.89490559316
2020-10-16,"SevenDayAverage",300.576237976487
2020-10-16,"Baseline",255.88083363021
2020-10-17,"SevenDayAverage",302.548094050588
2020-10-17,"Baseline",256.86676166726
2020-10-18,"SevenDayAverage",304.519950124688
2020-10-18,"Baseline",257.359725685786
2020-10-19,"SevenDayAverage",304.739045244033
2020-10-19,"Baseline",257.852689704311
2020-10-20,"SevenDayAverage",304.958140363377
2020-10-20,"Baseline",258.345653722836
2020-10-21,"SevenDayAverage",305.177235482722
2020-10-21,"Baseline",258.838617741361
2020-10-22,"SevenDayAverage",312.40737442109
2020-10-22,"Baseline",259.331581759886
2020-10-23,"SevenDayAverage",310.43551834699
2020-10-23,"Baseline",259.824545778411
2020-10-24,"SevenDayAverage",308.463662272889
2020-10-24,"Baseline",260.153188457428
2020-10-25,"SevenDayAverage",302.548094050588
2020-10-25,"Baseline",260.481831136445
2020-10-26,"SevenDayAverage",301.781261132882
2020-10-26,"Baseline",260.810473815461
2020-10-27,"SevenDayAverage",301.014428215176
2020-10-27,"Baseline",261.632080513003
2020-10-28,"SevenDayAverage",300.247595297471
2020-10-28,"Baseline",262.453687210545
2020-10-29,"SevenDayAverage",300.740559315996
2020-10-29,"Baseline",263.275293908087
2020-10-30,"SevenDayAverage",301.233523334521
2020-10-30,"Baseline",263.603936587104
2020-10-31,"SevenDayAverage",304.026986106163
2020-10-31,"Baseline",263.93257926612
2020-11-01,"SevenDayAverage",306.820448877805
2020-11-01,"Baseline",264.261221945137
2020-11-02,"SevenDayAverage",307.915924474528
2020-11-02,"Baseline",264.754185963662
2020-11-03,"SevenDayAverage",309.01140007125
2020-11-03,"Baseline",265.247149982187
2020-11-04,"SevenDayAverage",310.106875667973
2020-11-04,"Baseline",265.740114000712
2020-11-05,"SevenDayAverage",308.135019593872
2020-11-05,"Baseline",266.4795600285
2020-11-06,"SevenDayAverage",306.163163519772
2020-11-06,"Baseline",267.219006056288
2020-11-07,"SevenDayAverage",305.670199501247
2020-11-07,"Baseline",267.547648735305
2020-11-08,"SevenDayAverage",305.177235482722
2020-11-08,"Baseline",267.876291414321
2020-11-09,"SevenDayAverage",303.862664766655
2020-11-09,"Baseline",268.204934093338
2020-11-10,"SevenDayAverage",302.548094050588
2020-11-10,"Baseline",268.697898111863
2020-11-11,"SevenDayAverage",301.233523334521
2020-11-11,"Baseline",269.190862130388
2020-11-12,"SevenDayAverage",302.328998931243
2020-11-12,"Baseline",269.683826148913
2020-11-13,"SevenDayAverage",303.424474527966
2020-11-13,"Baseline",270.505432846455
2020-11-14,"SevenDayAverage",304.519950124688
2020-11-14,"Baseline",271.327039543997
2020-11-15,"SevenDayAverage",311.42144638404
2020-11-15,"Baseline",272.148646241539
2020-11-16,"SevenDayAverage",312.462148200926
2020-11-16,"Baseline",273.298895618098
2020-11-17,"SevenDayAverage",313.502850017813
2020-11-17,"Baseline",274.449144994656
2020-11-18,"SevenDayAverage",314.543551834699
2020-11-18,"Baseline",275.599394371215
2020-11-19,"SevenDayAverage",306.90260954756
2020-11-19,"Baseline",277.571250445315
2020-11-20,"SevenDayAverage",306.532886533666
2020-11-20,"Baseline",279.543106519416
2020-11-21,"SevenDayAverage",306.163163519772
2020-11-21,"Baseline",280.200391877449
2020-11-22,"SevenDayAverage",305.423717491984
2020-11-22,"Baseline",280.857677235483
2020-11-23,"SevenDayAverage",304.684271464197
2020-11-23,"Baseline",281.514962593516
2020-11-24,"SevenDayAverage",303.205379408621
2020-11-24,"Baseline",283.486818667617
2020-11-25,"SevenDayAverage",301.726487353046
2020-11-25,"Baseline",285.458674741717
2020-11-26,"SevenDayAverage",308.463662272889
2020-11-26,"Baseline",286.608924118276
2020-11-27,"SevenDayAverage",309.942554328465
2020-11-27,"Baseline",287.759173494834
2020-11-28,"SevenDayAverage",311.42144638404
2020-11-28,"Baseline",288.909422871393
2020-11-29,"SevenDayAverage",312.243053081582
2020-11-29,"Baseline",290.059672247952
2020-11-30,"SevenDayAverage",313.064659779124
2020-11-30,"Baseline",291.20992162451
2020-12-01,"SevenDayAverage",319.966156038475
2020-12-01,"Baseline",292.360171001069
2020-12-02,"SevenDayAverage",321.445048094051
2020-12-02,"Baseline",293.510420377627
2020-12-03,"SevenDayAverage",322.923940149626
2020-12-03,"Baseline",294.660669754186
2020-12-04,"SevenDayAverage",323.811275382971
2020-12-04,"Baseline",295.810919130745
2020-12-05,"SevenDayAverage",324.698610616316
2020-12-05,"Baseline",297.043329177057
2020-12-06,"SevenDayAverage",326.654034556466
2020-12-06,"Baseline",298.27573922337
2020-12-07,"SevenDayAverage",328.609458496616
2020-12-07,"Baseline",299.425988599929
2020-12-08,"SevenDayAverage",330.564882436765
2020-12-08,"Baseline",300.576237976487
2020-12-09,"SevenDayAverage",328.387624688279
2020-12-09,"Baseline",301.726487353046
2020-12-10,"SevenDayAverage",326.210366939793
2020-12-10,"Baseline",302.876736729605
2020-12-11,"SevenDayAverage",323.909868186676
2020-12-11,"Baseline",304.026986106163
2020-12-12,"SevenDayAverage",321.609369433559
2020-12-12,"Baseline",305.177235482722
2020-12-13,"SevenDayAverage",314.050587816174
2020-12-13,"Baseline",305.916681510509
2020-12-14,"SevenDayAverage",311.914410402565
2020-12-14,"Baseline",306.656127538297
2020-12-15,"SevenDayAverage",309.778232988956
2020-12-15,"Baseline",306.656127538297
2020-12-16,"SevenDayAverage",310.106875667973
2020-12-16,"Baseline",306.656127538297
2020-12-17,"SevenDayAverage",310.43551834699
2020-12-17,"Baseline",306.656127538297
2020-12-18,"SevenDayAverage",319.637513359458
2020-12-18,"Baseline",306.656127538297
2020-12-19,"SevenDayAverage",322.923940149626
2020-12-19,"Baseline",305.916681510509
2020-12-20,"SevenDayAverage",330.811364446028
2020-12-20,"Baseline",305.177235482722
2020-12-21,"SevenDayAverage",338.69878874243
2020-12-21,"Baseline",305.834520840755
2020-12-22,"SevenDayAverage",351.844495903099
2020-12-22,"Baseline",306.491806198789
2020-12-23,"SevenDayAverage",354.80228001425
2020-12-23,"Baseline",307.149091556822
2020-12-24,"SevenDayAverage",357.760064125401
2020-12-24,"Baseline",305.177235482722
2020-12-25,"SevenDayAverage",370.248485928037
2020-12-25,"Baseline",303.205379408621
2020-12-26,"SevenDayAverage",378.464552903456
2020-12-26,"Baseline",301.397844674029
2020-12-27,"SevenDayAverage",379.231385821161
2020-12-27,"Baseline",299.590309939437
2020-12-28,"SevenDayAverage",379.998218738867
2020-12-28,"Baseline",297.782775204845
2020-12-29,"SevenDayAverage",380.765051656573
2020-12-29,"Baseline",296.057401140007
2020-12-30,"SevenDayAverage",381.175855005344
2020-12-30,"Baseline",294.332027075169
2020-12-31,"SevenDayAverage",381.586658354115
2020-12-31,"Baseline",294.496348414678
2021-01-01,"SevenDayAverage",388.652475952975
2021-01-01,"Baseline",294.660669754186
2021-01-02,"SevenDayAverage",390.13136800855
2021-01-02,"Baseline",294.824991093694
2021-01-03,"SevenDayAverage",391.610260064125
2021-01-03,"Baseline",294.660669754186
2021-01-04,"SevenDayAverage",388.570315283221
2021-01-04,"Baseline",294.496348414678
2021-01-05,"SevenDayAverage",385.530370502316
2021-01-05,"Baseline",294.332027075169
2021-01-06,"SevenDayAverage",389.391921980762
2021-01-06,"Baseline",293.510420377627
2021-01-07,"SevenDayAverage",393.253473459209
2021-01-07,"Baseline",292.688813680086
2021-01-08,"SevenDayAverage",390.295689348058
2021-01-08,"Baseline",291.867206982544
2021-01-09,"SevenDayAverage",387.337905236908
2021-01-09,"Baseline",291.045600285002
2021-01-10,"SevenDayAverage",384.955245814036
2021-01-10,"Baseline",290.22399358746
2021-01-11,"SevenDayAverage",382.572586391165
2021-01-11,"Baseline",289.402386889918
2021-01-12,"SevenDayAverage",379.614802280014
2021-01-12,"Baseline",288.66294086213
2021-01-13,"SevenDayAverage",376.657018168864
2021-01-13,"Baseline",287.923494834343
2021-01-14,"SevenDayAverage",376.254634218294
2021-01-14,"Baseline",287.760304798376
2021-01-15,"SevenDayAverage",372.018333606155
2021-01-15,"Baseline",287.59711476241
2021-01-16,"SevenDayAverage",379.440709887592
2021-01-16,"Baseline",287.433924726444
2021-01-17,"SevenDayAverage",385.124511544548
2021-01-17,"Baseline",287.406390739178
2021-01-18,"SevenDayAverage",388.77276485723
2021-01-18,"Baseline",287.378856751913
2021-01-19,"SevenDayAverage",386.914220716807
2021-01-19,"Baseline",287.351322764647
2021-01-20,"SevenDayAverage",385.055676576384
2021-01-20,"Baseline",286.910778968399
2021-01-21,"SevenDayAverage",383.13793436334
2021-01-21,"Baseline",286.47023517215
2021-01-22,"SevenDayAverage",381.220192150295
2021-01-22,"Baseline",286.029691375902
2021-01-23,"SevenDayAverage",376.098870518907
2021-01-23,"Baseline",286.002157388636
2021-01-24,"SevenDayAverage",365.988390395004
2021-01-24,"Baseline",285.974623401371
2021-01-25,"SevenDayAverage",355.250135361447
2021-01-25,"Baseline",285.947089414105
2021-01-26,"SevenDayAverage",353.598096125515
2021-01-26,"Baseline",285.286273719733
2021-01-27,"SevenDayAverage",351.946056889583
2021-01-27,"Baseline",284.62545802536
2021-01-28,"SevenDayAverage",340.54232523169
2021-01-28,"Baseline",312.557166440562
2021-01-29,"SevenDayAverage",337.647308805021
2021-01-29,"Baseline",310.989032542783
2021-01-30,"SevenDayAverage",337.406057436132
2021-01-30,"Baseline",309.420898645004
2021-01-31,"SevenDayAverage",337.164806067243
2021-01-31,"Baseline",307.852764747225
2021-02-01,"SevenDayAverage",334.028538271686
2021-02-01,"Baseline",306.284630849447
2021-02-02,"SevenDayAverage",327.99725404946
2021-02-02,"Baseline",305.500563900557
2021-02-03,"SevenDayAverage",322.93097530279
2021-02-03,"Baseline",304.716496951668
2021-02-04,"SevenDayAverage",320.5184616139
2021-02-04,"Baseline",303.932430002779
2021-02-05,"SevenDayAverage",317.86469655612
2021-02-05,"Baseline",303.148363053889
2021-02-06,"SevenDayAverage",312.557166440562
2021-02-06,"Baseline",301.218352102777
2021-02-07,"SevenDayAverage",307.732139062781
2021-02-07,"Baseline",299.288341151665
2021-02-08,"SevenDayAverage",306.405256533891
2021-02-08,"Baseline",297.358330200552
2021-02-09,"SevenDayAverage",305.078374005002
2021-02-09,"Baseline",295.42831924944
2021-02-10,"SevenDayAverage",305.56087674278
2021-02-10,"Baseline",294.463313773884
2021-02-11,"SevenDayAverage",307.129010640558
2021-02-11,"Baseline",293.498308298328
2021-02-12,"SevenDayAverage",308.697144538337
2021-02-12,"Baseline",292.533302822772
2021-02-13,"SevenDayAverage",312.315915071673
2021-02-13,"Baseline",290.965168924993
2021-02-14,"SevenDayAverage",312.798417809451
2021-02-14,"Baseline",289.397035027214
2021-02-15,"SevenDayAverage",313.642797600562
2021-02-15,"Baseline",287.828901129436
2021-02-16,"SevenDayAverage",314.487177391674
2021-02-16,"Baseline",286.260767231657
2021-02-17,"SevenDayAverage",316.658439711675
2021-02-17,"Baseline",285.657638809434
2021-02-18,"SevenDayAverage",316.77906539612
2021-02-18,"Baseline",285.054510387212
2021-02-19,"SevenDayAverage",311.71278664945
2021-02-19,"Baseline",284.451381964989
2021-02-20,"SevenDayAverage",308.938395907226
2021-02-20,"Baseline",283.848253542767
2021-02-21,"SevenDayAverage",304.354619898334
2021-02-21,"Baseline",283.124499436099
2021-02-22,"SevenDayAverage",300.012095258332
2021-02-22,"Baseline",282.400745329432
2021-02-23,"SevenDayAverage",295.187067880551
2021-02-23,"Baseline",281.676991222765
2021-02-24,"SevenDayAverage",290.36204050277
2021-02-24,"Baseline",280.953237116098
2021-02-25,"SevenDayAverage",284.572007649434
2021-02-25,"Baseline",280.132982461875
2021-02-26,"SevenDayAverage",280.229483009431
2021-02-26,"Baseline",279.312727807653
2021-02-27,"SevenDayAverage",275.886958369428
2021-02-27,"Baseline",278.49247315343
2021-02-28,"SevenDayAverage",274.921952893872
2021-02-28,"Baseline",277.672218499207
2021-03-01,"SevenDayAverage",272.026936467204
2021-03-01,"Baseline",276.851963844985
2021-03-02,"SevenDayAverage",272.268187836093
2021-03-02,"Baseline",276.031709190762
2021-03-03,"SevenDayAverage",272.509439204982
2021-03-03,"Baseline",275.211454536539
2021-03-04,"SevenDayAverage",270.941305307203
2021-03-04,"Baseline",274.391199882316
2021-03-05,"SevenDayAverage",269.373171409425
2021-03-05,"Baseline",273.570945228094
2021-03-06,"SevenDayAverage",270.096925516092
2021-03-06,"Baseline",272.750690573871
2021-03-07,"SevenDayAverage",272.750690573871
2021-03-07,"Baseline",271.930435919648
2021-03-08,"SevenDayAverage",279.686667429431
2021-03-08,"Baseline",271.110181265426
2021-03-09,"SevenDayAverage",284.2101305961
2021-03-09,"Baseline",270.289926611203
2021-03-10,"SevenDayAverage",286.743269969435
2021-03-10,"Baseline",269.46967195698
2021-03-11,"SevenDayAverage",289.155783658325
2021-03-11,"Baseline",268.649417302757
2021-03-12,"SevenDayAverage",289.879537764992
2021-03-12,"Baseline",267.92566319609
2021-03-13,"SevenDayAverage",290.60329187166
2021-03-13,"Baseline",267.201909089423
2021-03-14,"SevenDayAverage",290.844543240549
2021-03-14,"Baseline",266.478154982756
2021-03-15,"SevenDayAverage",286.562331442768
2021-03-15,"Baseline",265.754400876089
2021-03-16,"SevenDayAverage",280.711985747209
2021-03-16,"Baseline",265.754400876089
2021-03-17,"SevenDayAverage",279.746980271653
2021-03-17,"Baseline",265.754400876089
2021-03-18,"SevenDayAverage",278.781974796097
2021-03-18,"Baseline",265.754400876089
2021-03-19,"SevenDayAverage",274.439450156094
2021-03-19,"Baseline",265.754400876089
2021-03-20,"SevenDayAverage",272.509439204982
2021-03-20,"Baseline",265.935339402756
2021-03-21,"SevenDayAverage",271.544433729426
2021-03-21,"Baseline",266.116277929423
2021-03-22,"SevenDayAverage",270.57942825387
2021-03-22,"Baseline",266.297216456089
2021-03-23,"SevenDayAverage",268.830355829424
2021-03-23,"Baseline",266.478154982756
2021-03-24,"SevenDayAverage",272.268187836093
2021-03-24,"Baseline",266.659093509423
2021-03-25,"SevenDayAverage",275.886958369428
2021-03-25,"Baseline",266.84003203609
2021-03-26,"SevenDayAverage",280.229483009431
2021-03-26,"Baseline",267.020970562756
2021-03-27,"SevenDayAverage",283.124499436099
2021-03-27,"Baseline",267.201909089423
2021-03-28,"SevenDayAverage",287.467024076102
2021-03-28,"Baseline",269.131920040535
2021-03-29,"SevenDayAverage",293.257056929439
2021-03-29,"Baseline",271.061930991648
2021-03-30,"SevenDayAverage",295.42831924944
2021-03-30,"Baseline",272.99194194276
2021-03-31,"SevenDayAverage",295.42831924944
2021-03-31,"Baseline",273.172880469427
2021-04-01,"SevenDayAverage",295.42831924944
2021-04-01,"Baseline",273.353818996094
2021-04-02,"SevenDayAverage",294.704565142773
2021-04-02,"Baseline",273.53475752276
2021-04-03,"SevenDayAverage",291.809548716105
2021-04-03,"Baseline",273.715696049427
2021-04-04,"SevenDayAverage",284.2101305961
2021-04-04,"Baseline",273.172880469427
2021-04-05,"SevenDayAverage",276.610712476096
2021-04-05,"Baseline",272.630064889426
2021-04-06,"SevenDayAverage",281.194488484987
2021-04-06,"Baseline",272.087249309426
2021-04-07,"SevenDayAverage",280.832611431654
2021-04-07,"Baseline",271.544433729426
2021-04-08,"SevenDayAverage",280.47073437832
2021-04-08,"Baseline",271.544433729426
2021-04-09,"SevenDayAverage",283.6673150161
2021-04-09,"Baseline",271.544433729426
2021-04-10,"SevenDayAverage",286.170297968324
2021-04-10,"Baseline",271.544433729426
2021-04-11,"SevenDayAverage",288.673280920547
2021-04-11,"Baseline",271.725372256093
2021-04-12,"SevenDayAverage",288.914532289436
2021-04-12,"Baseline",271.906310782759
2021-04-13,"SevenDayAverage",288.673280920547
2021-04-13,"Baseline",272.087249309426
2021-04-14,"SevenDayAverage",289.035157973881
2021-04-14,"Baseline",272.268187836093
2021-04-15,"SevenDayAverage",289.397035027214
2021-04-15,"Baseline",272.509439204982
2021-04-16,"SevenDayAverage",286.562331442768
2021-04-16,"Baseline",272.750690573871
2021-04-17,"SevenDayAverage",288.673280920547
2021-04-17,"Baseline",272.99194194276
2021-04-18,"SevenDayAverage",290.241414818326
2021-04-18,"Baseline",273.233193311649
2021-04-19,"SevenDayAverage",291.809548716105
2021-04-19,"Baseline",272.99194194276
2021-04-20,"SevenDayAverage",295.42831924944
2021-04-20,"Baseline",272.750690573871
2021-04-21,"SevenDayAverage",295.669570618329
2021-04-21,"Baseline",272.509439204982
2021-04-22,"SevenDayAverage",290.542979029437
2021-04-22,"Baseline",272.268187836093
2021-04-23,"SevenDayAverage",289.397035027214
2021-04-23,"Baseline",272.268187836093
2021-04-24,"SevenDayAverage",287.708275444991
2021-04-24,"Baseline",272.268187836093
2021-04-25,"SevenDayAverage",286.019515862768
2021-04-25,"Baseline",272.268187836093
2021-04-26,"SevenDayAverage",283.607002173878
2021-04-26,"Baseline",272.268187836093
2021-04-27,"SevenDayAverage",283.275281541655
2021-04-27,"Baseline",272.931629100538
2021-04-28,"SevenDayAverage",282.943560909433
2021-04-28,"Baseline",273.595070364983
2021-04-29,"SevenDayAverage",289.27640934277
2021-04-29,"Baseline",274.258511629427
2021-04-30,"SevenDayAverage",290.36204050277
2021-04-30,"Baseline",274.921952893872
2021-05-01,"SevenDayAverage",297.237704516108
2021-05-01,"Baseline",274.258511629427
2021-05-02,"SevenDayAverage",297.599581569442
2021-05-02,"Baseline",273.595070364983
2021-05-03,"SevenDayAverage",295.669570618329
2021-05-03,"Baseline",272.931629100538
2021-05-04,"SevenDayAverage",296.272699040552
2021-05-04,"Baseline",272.268187836093
2021-05-05,"SevenDayAverage",296.875827462774
2021-05-05,"Baseline",272.268187836093
2021-05-06,"SevenDayAverage",295.910821987218
2021-05-06,"Baseline",272.268187836093
2021-05-07,"SevenDayAverage",295.910821987218
2021-05-07,"Baseline",272.268187836093
2021-05-08,"SevenDayAverage",292.050800084994
2021-05-08,"Baseline",272.268187836093
2021-05-09,"SevenDayAverage",292.774554191661
2021-05-09,"Baseline",272.087249309426
2021-05-10,"SevenDayAverage",289.638286396103
2021-05-10,"Baseline",271.906310782759
2021-05-11,"SevenDayAverage",285.53701312499
2021-05-11,"Baseline",271.725372256093
2021-05-12,"SevenDayAverage",285.054510387212
2021-05-12,"Baseline",271.544433729426
2021-05-13,"SevenDayAverage",284.2101305961
2021-05-13,"Baseline",271.785685098315
2021-05-14,"SevenDayAverage",283.124499436099
2021-05-14,"Baseline",272.026936467204
2021-05-15,"SevenDayAverage",282.038868276099
2021-05-15,"Baseline",272.268187836093
2021-05-16,"SevenDayAverage",285.53701312499
2021-05-16,"Baseline",272.539595626093
2021-05-17,"SevenDayAverage",288.914532289436
2021-05-17,"Baseline",272.811003416093
2021-05-18,"SevenDayAverage",293.739559667217
2021-05-18,"Baseline",273.082411206093
2021-05-19,"SevenDayAverage",293.860185351661
2021-05-19,"Baseline",273.353818996094
2021-05-20,"SevenDayAverage",293.980811036106
2021-05-20,"Baseline",273.522694954316
2021-05-21,"SevenDayAverage",292.533302822772
2021-05-21,"Baseline",273.691570912538
2021-05-22,"SevenDayAverage",291.447671662771
2021-05-22,"Baseline",273.860446870761
2021-05-23,"SevenDayAverage",293.799872509439
2021-05-23,"Baseline",274.029322828983
2021-05-24,"SevenDayAverage",296.152073356107
2021-05-24,"Baseline",274.198198787205
2021-05-25,"SevenDayAverage",301.942106209444
2021-05-25,"Baseline",275.726124123502
2021-05-26,"SevenDayAverage",307.732139062781
2021-05-26,"Baseline",277.2540494598
2021-05-27,"SevenDayAverage",313.522171916118
2021-05-27,"Baseline",278.781974796097
2021-05-28,"SevenDayAverage",318.660826073454
2021-05-28,"Baseline",279.264477533875
2021-05-29,"SevenDayAverage",323.799480230791
2021-05-29,"Baseline",279.746980271653
2021-05-30,"SevenDayAverage",334.269789640575
2021-05-30,"Baseline",280.229483009431
2021-05-31,"SevenDayAverage",333.546035533908
2021-05-31,"Baseline",280.03648191432
2021-06-01,"SevenDayAverage",332.822281427241
2021-06-01,"Baseline",279.843480819209
2021-06-02,"SevenDayAverage",330.651019107239
2021-06-02,"Baseline",279.650479724097
2021-06-03,"SevenDayAverage",330.40976773835
2021-06-03,"Baseline",279.457478628986
2021-06-04,"SevenDayAverage",332.339778689462
2021-06-04,"Baseline",279.264477533875
2021-06-05,"SevenDayAverage",331.495398898351
2021-06-05,"Baseline",280.068648763505
2021-06-06,"SevenDayAverage",330.651019107239
2021-06-06,"Baseline",280.872819993135
2021-06-07,"SevenDayAverage",327.99725404946
2021-06-07,"Baseline",281.676991222765
2021-06-08,"SevenDayAverage",325.825991729459
2021-06-08,"Baseline",282.159493960543
2021-06-09,"SevenDayAverage",326.911622889459
2021-06-09,"Baseline",282.641996698321
2021-06-10,"SevenDayAverage",327.99725404946
2021-06-10,"Baseline",283.124499436099
2021-06-11,"SevenDayAverage",330.168516369461
2021-06-11,"Baseline",283.607002173878
2021-06-12,"SevenDayAverage",330.40976773835
2021-06-12,"Baseline",284.029192069433
2021-06-13,"SevenDayAverage",329.625700789461
2021-06-13,"Baseline",284.451381964989
2021-06-14,"SevenDayAverage",334.269789640575
2021-06-14,"Baseline",284.873571860545
2021-06-15,"SevenDayAverage",334.872918062797
2021-06-15,"Baseline",285.295761756101
2021-06-16,"SevenDayAverage",335.47604648502
2021-06-16,"Baseline",286.140141547212
2021-06-17,"SevenDayAverage",333.546035533908
2021-06-17,"Baseline",286.984521338324
2021-06-18,"SevenDayAverage",333.06353279613
2021-06-18,"Baseline",287.828901129436
2021-06-19,"SevenDayAverage",334.36629018813
2021-06-19,"Baseline",288.673280920547
2021-06-20,"SevenDayAverage",335.669047580131
2021-06-20,"Baseline",289.638286396103
2021-06-21,"SevenDayAverage",336.682303329465
2021-06-21,"Baseline",290.60329187166
2021-06-22,"SevenDayAverage",335.596672169464
2021-06-22,"Baseline",291.568297347216
2021-06-23,"SevenDayAverage",331.073209002795
2021-06-23,"Baseline",292.533302822772
2021-06-24,"SevenDayAverage",333.787286902797
2021-06-24,"Baseline",293.196744087217
2021-06-25,"SevenDayAverage",333.063532796129
2021-06-25,"Baseline",293.860185351661
2021-06-26,"SevenDayAverage",332.339778689462
2021-06-26,"Baseline",294.523626616106
2021-06-27,"SevenDayAverage",326.911622889459
2021-06-27,"Baseline",295.187067880551
2021-06-28,"SevenDayAverage",327.092561416126
2021-06-28,"Baseline",296.714993216848
2021-06-29,"SevenDayAverage",330.892270476128
2021-06-29,"Baseline",298.242918553146
2021-06-30,"SevenDayAverage",333.063532796129
2021-06-30,"Baseline",299.770843889443
2021-07-01,"SevenDayAverage",335.234795116131
2021-07-01,"Baseline",300.434285153888
2021-07-02,"SevenDayAverage",340.421699547245
2021-07-02,"Baseline",301.097726418333
2021-07-03,"SevenDayAverage",345.608603978359
2021-07-03,"Baseline",301.761167682777
2021-07-04,"SevenDayAverage",349.709877249473
2021-07-04,"Baseline",302.424608947222
2021-07-05,"SevenDayAverage",347.900491982805
2021-07-05,"Baseline",303.952534283519
2021-07-06,"SevenDayAverage",348.986123142806
2021-07-06,"Baseline",305.480459619817
2021-07-07,"SevenDayAverage",353.811150520586
2021-07-07,"Baseline",307.008384956114
2021-07-08,"SevenDayAverage",351.398636831696
2021-07-08,"Baseline",308.094016116115
2021-07-09,"SevenDayAverage",353.690524836142
2021-07-09,"Baseline",309.179647276115
2021-07-10,"SevenDayAverage",354.233340416142
2021-07-10,"Baseline",310.265278436116
2021-07-11,"SevenDayAverage",354.776155996143
2021-07-11,"Baseline",311.350909596116
2021-07-12,"SevenDayAverage",356.04272568281
2021-07-12,"Baseline",311.893725176117
2021-07-13,"SevenDayAverage",355.210408460143
2021-07-13,"Baseline",312.436540756117
2021-07-14,"SevenDayAverage",361.289942956147
2021-07-14,"Baseline",312.979356336117
2021-07-15,"SevenDayAverage",361.893071378369
2021-07-15,"Baseline",313.522171916118
2021-07-16,"SevenDayAverage",362.496199800592
2021-07-16,"Baseline",312.753183177784
2021-07-17,"SevenDayAverage",373.352511400598
2021-07-17,"Baseline",311.98419443945
2021-07-18,"SevenDayAverage",388.249783429496
2021-07-18,"Baseline",311.215205701116
2021-07-19,"SevenDayAverage",402.905804089505
2021-07-19,"Baseline",310.446216962783
2021-07-20,"SevenDayAverage",417.19994769618
2021-07-20,"Baseline",309.224881907782
2021-07-21,"SevenDayAverage",423.050293391739
2021-07-21,"Baseline",308.003546852781
2021-07-22,"SevenDayAverage",425.342181396185
2021-07-22,"Baseline",306.78221179778
2021-07-23,"SevenDayAverage",420.637779702849
2021-07-23,"Baseline",305.56087674278
2021-07-24,"SevenDayAverage",408.092708520619
2021-07-24,"Baseline",302.826694562037
2021-07-25,"SevenDayAverage",403.991435249506
2021-07-25,"Baseline",300.092512381295
2021-07-26,"SevenDayAverage",381.072555205047
2021-07-26,"Baseline",297.358330200552
2021-07-27,"SevenDayAverage",361.289942956147
2021-07-27,"Baseline",296.513950409441
2021-07-28,"SevenDayAverage",349.709877249473
2021-07-28,"Baseline",295.669570618329
2021-07-29,"SevenDayAverage",344.884849871692
2021-07-29,"Baseline",294.825190827218
2021-07-30,"SevenDayAverage",339.2154427028
2021-07-30,"Baseline",293.980811036106
2021-07-31,"SevenDayAverage",330.40976773835
2021-07-31,"Baseline",292.23173861166
2021-08-01,"SevenDayAverage",329.927265000572
2021-08-01,"Baseline",290.482666187215
2021-08-02,"SevenDayAverage",330.590706265017
2021-08-02,"Baseline",288.733593762769
2021-08-03,"SevenDayAverage",331.254147529462
2021-08-03,"Baseline",286.984521338324
2021-08-04,"SevenDayAverage",327.99725404946
2021-08-04,"Baseline",285.838577336101
2021-08-05,"SevenDayAverage",327.99725404946
2021-08-05,"Baseline",284.692633333878
2021-08-06,"SevenDayAverage",327.99725404946
2021-08-06,"Baseline",283.546689331655
2021-08-07,"SevenDayAverage",331.616024582795
2021-08-07,"Baseline",282.400745329432
2021-08-08,"SevenDayAverage",334.511041009464
2021-08-08,"Baseline",280.229483009431
2021-08-09,"SevenDayAverage",337.406057436132
2021-08-09,"Baseline",278.05822068943
2021-08-10,"SevenDayAverage",339.577319756133
2021-08-10,"Baseline",275.886958369428
2021-08-11,"SevenDayAverage",343.919844396136
2021-08-11,"Baseline",274.982265736095
2021-08-12,"SevenDayAverage",343.919844396136
2021-08-12,"Baseline",274.077573102761
2021-08-13,"SevenDayAverage",343.919844396136
2021-08-13,"Baseline",273.172880469427
2021-08-14,"SevenDayAverage",338.371062911688
2021-08-14,"Baseline",272.268187836093
2021-08-15,"SevenDayAverage",329.444762262794
2021-08-15,"Baseline",271.182556676092
2021-08-16,"SevenDayAverage",327.514751311682
2021-08-16,"Baseline",270.096925516092
2021-08-17,"SevenDayAverage",328.359131102793
2021-08-17,"Baseline",269.011294356091
2021-08-18,"SevenDayAverage",329.203510893905
2021-08-18,"Baseline",267.92566319609
2021-08-19,"SevenDayAverage",334.269789640575
2021-08-19,"Baseline",268.408165933868
2021-08-20,"SevenDayAverage",336.320426276132
2021-08-20,"Baseline",268.890668671646
2021-08-21,"SevenDayAverage",340.059822493912
2021-08-21,"Baseline",269.373171409425
2021-08-22,"SevenDayAverage",341.024827969468
2021-08-22,"Baseline",270.096925516092
2021-08-23,"SevenDayAverage",341.989833445024
2021-08-23,"Baseline",270.820679622759
2021-08-24,"SevenDayAverage",343.196090289469
2021-08-24,"Baseline",271.544433729426
2021-08-25,"SevenDayAverage",341.024827969468
2021-08-25,"Baseline",272.268187836093
2021-08-26,"SevenDayAverage",336.441051960576
2021-08-26,"Baseline",272.630064889426
2021-08-27,"SevenDayAverage",332.339778689462
2021-08-27,"Baseline",272.99194194276
2021-08-28,"SevenDayAverage",332.460404373907
2021-08-28,"Baseline",273.353818996094
2021-08-29,"SevenDayAverage",332.581030058351
2021-08-29,"Baseline",273.715696049427
2021-08-30,"SevenDayAverage",335.717297853909
2021-08-30,"Baseline",273.595070364983
2021-08-31,"SevenDayAverage",336.199800591687
2021-08-31,"Baseline",273.474444680538
2021-09-01,"SevenDayAverage",335.958549222798
2021-09-01,"Baseline",273.353818996094
2021-09-02,"SevenDayAverage",340.301073862801
2021-09-02,"Baseline",273.329693859205
2021-09-03,"SevenDayAverage",354.052401889476
2021-09-03,"Baseline",273.305568722316
2021-09-04,"SevenDayAverage",359.359932005034
2021-09-04,"Baseline",273.281443585427
2021-09-05,"SevenDayAverage",374.800019613932
2021-09-05,"Baseline",273.257318448538
2021-09-06,"SevenDayAverage",377.453784671712
2021-09-06,"Baseline",273.233193311649
2021-09-07,"SevenDayAverage",377.815661725045
2021-09-07,"Baseline",273.353818996094
2021-09-08,"SevenDayAverage",378.177538778379
2021-09-08,"Baseline",273.474444680538
2021-09-09,"SevenDayAverage",375.765025089489
2021-09-09,"Baseline",273.595070364983
2021-09-10,"SevenDayAverage",368.04498128504
2021-09-10,"Baseline",273.715696049427
2021-09-11,"SevenDayAverage",356.223664209477
2021-09-11,"Baseline",274.680701524983
2021-09-12,"SevenDayAverage",347.176737876138
2021-09-12,"Baseline",275.645707000539
2021-09-13,"SevenDayAverage",340.059822493912
2021-09-13,"Baseline",276.610712476096
2021-09-14,"SevenDayAverage",337.88856017391
2021-09-14,"Baseline",276.562462202318
2021-09-15,"SevenDayAverage",333.304784165019
2021-09-15,"Baseline",276.51421192854
2021-09-16,"SevenDayAverage",330.168516369461
2021-09-16,"Baseline",276.465961654762
2021-09-17,"SevenDayAverage",324.860986253902
2021-09-17,"Baseline",276.417711380984
2021-09-18,"SevenDayAverage",323.654729409457
2021-09-18,"Baseline",276.369461107207
2021-09-19,"SevenDayAverage",322.327846880568
2021-09-19,"Baseline",277.897386443504
2021-09-20,"SevenDayAverage",321.000964351678
2021-09-20,"Baseline",279.425311779801
2021-09-21,"SevenDayAverage",321.242215720567
2021-09-21,"Baseline",280.953237116098
2021-09-22,"SevenDayAverage",321.362841405011
2021-09-22,"Baseline",281.496052696098
2021-09-23,"SevenDayAverage",321.483467089456
2021-09-23,"Baseline",282.038868276099
2021-09-24,"SevenDayAverage",323.654729409457
2021-09-24,"Baseline",282.581683856099
2021-09-25,"SevenDayAverage",328.721008156127
2021-09-25,"Baseline",283.124499436099
2021-09-26,"SevenDayAverage",330.651019107239
2021-09-26,"Baseline",284.029192069433
2021-09-27,"SevenDayAverage",331.616024582795
2021-09-27,"Baseline",284.933884702767
2021-09-28,"SevenDayAverage",326.730684362792
2021-09-28,"Baseline",285.838577336101
2021-09-29,"SevenDayAverage",324.378483516124
2021-09-29,"Baseline",286.743269969435
2021-09-30,"SevenDayAverage",328.962259525016
2021-09-30,"Baseline",287.286085549435
2021-10-01,"SevenDayAverage",337.164806067243
2021-10-01,"Baseline",287.828901129436
2021-10-02,"SevenDayAverage",341.205766496134
2021-10-02,"Baseline",288.371716709436
2021-10-03,"SevenDayAverage",342.321554077246
2021-10-03,"Baseline",288.914532289436
2021-10-04,"SevenDayAverage",343.437341658358
2021-10-04,"Baseline",290.000163449437
2021-10-05,"SevenDayAverage",346.814860822804
2021-10-05,"Baseline",291.085794609438
2021-10-06,"SevenDayAverage",352.122390938363
2021-10-06,"Baseline",292.171425769438
2021-10-07,"SevenDayAverage",346.633922296138
2021-10-07,"Baseline",293.045961981661
2021-10-08,"SevenDayAverage",343.437341658358
2021-10-08,"Baseline",293.920498193884
2021-10-09,"SevenDayAverage",343.678593027247
2021-10-09,"Baseline",294.795034406106
2021-10-10,"SevenDayAverage",343.919844396136
2021-10-10,"Baseline",295.669570618329
2021-10-11,"SevenDayAverage",344.884849871692
2021-10-11,"Baseline",296.091760513885
2021-10-12,"SevenDayAverage",344.522972818359
2021-10-12,"Baseline",296.513950409441
2021-10-13,"SevenDayAverage",344.161095765025
2021-10-13,"Baseline",296.936140304997
2021-10-14,"SevenDayAverage",345.608603978359
2021-10-14,"Baseline",297.358330200552
2021-10-15,"SevenDayAverage",344.402347133914
2021-10-15,"Baseline",298.142397149442
2021-10-16,"SevenDayAverage",346.69423513836
2021-10-16,"Baseline",298.926464098331
2021-10-17,"SevenDayAverage",348.986123142806
2021-10-17,"Baseline",299.710531047221
2021-10-18,"SevenDayAverage",356.58554126281
2021-10-18,"Baseline",300.49459799611
2021-10-19,"SevenDayAverage",358.877429267256
2021-10-19,"Baseline",300.675536522777
2021-10-20,"SevenDayAverage",359.649433647701
2021-10-20,"Baseline",300.856475049443
2021-10-21,"SevenDayAverage",360.421438028146
2021-10-21,"Baseline",301.03741357611
2021-10-22,"SevenDayAverage",367.562478547261
2021-10-22,"Baseline",301.218352102777
2021-10-23,"SevenDayAverage",369.974992236152
2021-10-23,"Baseline",301.459603471666
2021-10-24,"SevenDayAverage",367.984668442817
2021-10-24,"Baseline",301.700854840555
2021-10-25,"SevenDayAverage",365.994344649483
2021-10-25,"Baseline",301.942106209444
2021-10-26,"SevenDayAverage",364.184959382815
2021-10-26,"Baseline",302.183357578333
2021-10-27,"SevenDayAverage",364.908713489482
2021-10-27,"Baseline",302.303983262778
2021-10-28,"SevenDayAverage",367.321227178372
2021-10-28,"Baseline",302.424608947222
2021-10-29,"SevenDayAverage",367.562478547261
2021-10-29,"Baseline",302.545234631667
2021-10-30,"SevenDayAverage",367.80372991615
2021-10-30,"Baseline",302.665860316111
2021-10-31,"SevenDayAverage",366.838724440594
2021-10-31,"Baseline",303.027737369445
2021-11-01,"SevenDayAverage",365.873718965038
2021-11-01,"Baseline",303.389614422778
2021-11-02,"SevenDayAverage",362.254948431703
2021-11-02,"Baseline",303.751491476112
2021-11-03,"SevenDayAverage",353.569899151697
2021-11-03,"Baseline",304.113368529445
2021-11-04,"SevenDayAverage",348.624246089472
2021-11-04,"Baseline",304.113368529445
2021-11-05,"SevenDayAverage",344.100782922803
2021-11-05,"Baseline",304.113368529445
2021-11-06,"SevenDayAverage",345.36735260947
2021-11-06,"Baseline",304.113368529445
2021-11-07,"SevenDayAverage",347.538614929472
2021-11-07,"Baseline",304.113368529445
2021-11-08,"SevenDayAverage",350.071754302806
2021-11-08,"Baseline",304.475245582779
2021-11-09,"SevenDayAverage",355.49991010281
2021-11-09,"Baseline",304.837122636113
2021-11-10,"SevenDayAverage",357.188669685033
2021-11-10,"Baseline",305.198999689446
2021-11-11,"SevenDayAverage",358.877429267256
2021-11-11,"Baseline",305.56087674278
2021-11-12,"SevenDayAverage",357.9124237917
2021-11-12,"Baseline",305.862440953891
2021-11-13,"SevenDayAverage",358.877429267256
2021-11-13,"Baseline",306.164005165002
2021-11-14,"SevenDayAverage",355.49991010281
2021-11-14,"Baseline",306.465569376114
2021-11-15,"SevenDayAverage",350.916134093918
2021-11-15,"Baseline",306.767133587225
2021-11-16,"SevenDayAverage",346.573609453915
2021-11-16,"Baseline",307.691930501299
2021-11-17,"SevenDayAverage",342.713587551691
2021-11-17,"Baseline",308.616727415374
2021-11-18,"SevenDayAverage",338.853565649466
2021-11-18,"Baseline",309.541524329449
2021-11-19,"SevenDayAverage",338.612314280577
2021-11-19,"Baseline",311.44137885945
2021-11-20,"SevenDayAverage",339.094817018355
2021-11-20,"Baseline",313.341233389451
2021-11-21,"SevenDayAverage",339.577319756133
2021-11-21,"Baseline",315.241087919452
2021-11-22,"SevenDayAverage",343.678593027247
2021-11-22,"Baseline",317.140942449453
2021-11-23,"SevenDayAverage",345.548291136137
2021-11-23,"Baseline",318.588450662787
2021-11-24,"SevenDayAverage",350.43363135614
2021-11-24,"Baseline",320.035958876122
2021-11-25,"SevenDayAverage",347.779866298361
2021-11-25,"Baseline",321.483467089456
2021-11-26,"SevenDayAverage",348.624246089472
2021-11-26,"Baseline",323.594416567235
2021-11-27,"SevenDayAverage",349.468625880584
2021-11-27,"Baseline",325.705366045014
2021-11-28,"SevenDayAverage",351.881139569474
2021-11-28,"Baseline",327.816315522793
2021-11-29,"SevenDayAverage",356.223664209477
2021-11-29,"Baseline",329.927265000572
2021-11-30,"SevenDayAverage",360.32493748059
2021-11-30,"Baseline",331.073209002795
2021-12-01,"SevenDayAverage",366.356221702816
2021-12-01,"Baseline",332.219153005018
2021-12-02,"SevenDayAverage",373.231885716154
2021-12-02,"Baseline",333.365097007241
2021-12-03,"SevenDayAverage",376.549092038378
2021-12-03,"Baseline",334.511041009464
2021-12-04,"SevenDayAverage",379.866298360602
2021-12-04,"Baseline",337.406057436132
2021-12-05,"SevenDayAverage",378.660041516157
2021-12-05,"Baseline",340.301073862801
2021-12-06,"SevenDayAverage",382.761314787271
2021-12-06,"Baseline",343.196090289469
2021-12-07,"SevenDayAverage",386.440398162828
2021-12-07,"Baseline",344.884849871692
2021-12-08,"SevenDayAverage",379.142544253935
2021-12-08,"Baseline",346.573609453915
2021-12-09,"SevenDayAverage",369.070299602818
2021-12-09,"Baseline",348.262369036139
2021-12-10,"SevenDayAverage",365.39121622726
2021-12-10,"Baseline",349.800346512806
2021-12-11,"SevenDayAverage",360.566188849479
2021-12-11,"Baseline",351.338323989474
2021-12-12,"SevenDayAverage",354.920906817476
2021-12-12,"Baseline",352.876301466141
2021-12-13,"SevenDayAverage",349.348000196139
2021-12-13,"Baseline",354.414278942809
2021-12-14,"SevenDayAverage",345.36735260947
2021-12-14,"Baseline",355.952256419477
2021-12-15,"SevenDayAverage",340.059822493912
2021-12-15,"Baseline",357.490233896144
2021-12-16,"SevenDayAverage",339.577319756133
2021-12-16,"Baseline",359.028211372812
2021-12-17,"SevenDayAverage",339.094817018355
2021-12-17,"Baseline",360.566188849479
2021-12-18,"SevenDayAverage",340.662950916134
2021-12-18,"Baseline",361.186549512337
2021-12-19,"SevenDayAverage",344.82453702947
2021-12-19,"Baseline",361.806910175194
2021-12-20,"SevenDayAverage",361.772445693925
2021-12-20,"Baseline",362.427270838052
2021-12-21,"SevenDayAverage",358.394926529478
2021-12-21,"Baseline",363.047631500909
2021-12-22,"SevenDayAverage",364.546836436149
2021-12-22,"Baseline",363.667992163767
2021-12-23,"SevenDayAverage",369.974992236152
2021-12-23,"Baseline",364.288352826624
2021-12-24,"SevenDayAverage",373.593762769487
2021-12-24,"Baseline",364.908713489482
2021-12-25,"SevenDayAverage",377.695036040601
2021-12-25,"Baseline",363.642143802815
2021-12-26,"SevenDayAverage",388.430721956163
2021-12-26,"Baseline",362.375574116147
2021-12-27,"SevenDayAverage",391.446364067276
2021-12-27,"Baseline",361.10900442948
2021-12-28,"SevenDayAverage",395.547637338389
2021-12-28,"Baseline",359.842434742812
2021-12-29,"SevenDayAverage",403.810496722839
2021-12-29,"Baseline",359.199097759108
2021-12-30,"SevenDayAverage",405.43894346284
2021-12-30,"Baseline",358.555760775404
2021-12-31,"SevenDayAverage",401.458295876171
2021-12-31,"Baseline",357.9124237917
2022-01-01,"SevenDayAverage",398.201402396169
2022-01-01,"Baseline",356.404602736144
2022-01-02,"SevenDayAverage",393.135123649499
2022-01-02,"Baseline",354.896781680587
2022-01-03,"SevenDayAverage",389.516353116164
2022-01-03,"Baseline",353.388960625031
2022-01-04,"SevenDayAverage",378.660041516157
2022-01-04,"Baseline",351.881139569474
2022-01-05,"SevenDayAverage",358.394926529478
2022-01-05,"Baseline",351.157385462807
2022-01-06,"SevenDayAverage",353.569899151697
2022-01-06,"Baseline",350.43363135614
2022-01-07,"SevenDayAverage",348.744871773917
2022-01-07,"Baseline",349.709877249473
2022-01-08,"SevenDayAverage",347.176737876138
2022-01-08,"Baseline",348.986123142806
2022-01-09,"SevenDayAverage",343.437341658358
2022-01-09,"Baseline",348.262369036139
2022-01-10,"SevenDayAverage",339.034504176133
2022-01-10,"Baseline",347.538614929472
2022-01-11,"SevenDayAverage",339.2154427028
2022-01-11,"Baseline",346.814860822804
2022-01-12,"SevenDayAverage",339.396381229467
2022-01-12,"Baseline",346.091106716137
2022-01-13,"SevenDayAverage",341.024827969468
2022-01-13,"Baseline",345.36735260947
2022-01-14,"SevenDayAverage",334.993543747242
2022-01-14,"Baseline",344.643598502803
2022-01-15,"SevenDayAverage",328.962259525016
2022-01-15,"Baseline",343.919844396136
2022-01-16,"SevenDayAverage",323.895980778346
2022-01-16,"Baseline",342.894526078358
2022-01-17,"SevenDayAverage",322.93097530279
2022-01-17,"Baseline",341.869207760579
2022-01-18,"SevenDayAverage",319.312204769455
2022-01-18,"Baseline",340.843889442801
2022-01-19,"SevenDayAverage",315.548683414786
2022-01-19,"Baseline",339.818571125022
2022-01-20,"SevenDayAverage",318.829702031677
2022-01-20,"Baseline",338.220280806133
2022-01-21,"SevenDayAverage",NA
2022-01-21,"Baseline",336.621990487243
2022-01-22,"SevenDayAverage",NA
2022-01-22,"Baseline",335.023700168353
2022-01-23,"SevenDayAverage",NA
2022-01-23,"Baseline",333.425409849463
2022-01-24,"SevenDayAverage",NA
2022-01-24,"Baseline",332.249309426129
2022-01-25,"SevenDayAverage",NA
2022-01-25,"Baseline",331.073209002795
2022-01-26,"SevenDayAverage",NA
2022-01-26,"Baseline",329.897108579461
2022-01-27,"SevenDayAverage",NA
2022-01-27,"Baseline",328.721008156127
2022-01-28,"SevenDayAverage",NA
2022-01-28,"Baseline",326.549745836126
2022-01-29,"SevenDayAverage",NA
2022-01-29,"Baseline",324.378483516124
2022-01-30,"SevenDayAverage",NA
2022-01-30,"Baseline",322.207221196123
2022-01-31,"SevenDayAverage",NA
2022-01-31,"Baseline",321.000964351678
2022-02-01,"SevenDayAverage",NA
2022-02-01,"Baseline",319.794707507233
2022-02-02,"SevenDayAverage",NA
2022-02-02,"Baseline",318.588450662787
2022-02-03,"SevenDayAverage",NA
2022-02-03,"Baseline",317.080629607231
2022-02-04,"SevenDayAverage",NA
2022-02-04,"Baseline",315.572808551675
2022-02-05,"SevenDayAverage",NA
2022-02-05,"Baseline",314.064987496118
2022-02-06,"SevenDayAverage",NA
2022-02-06,"Baseline",312.557166440562
2022-02-07,"SevenDayAverage",NA
2022-02-07,"Baseline",311.431326719079
2022-02-08,"SevenDayAverage",NA
2022-02-08,"Baseline",310.305486997597
2022-02-09,"SevenDayAverage",NA
2022-02-09,"Baseline",309.179647276115
2022-02-10,"SevenDayAverage",NA
2022-02-10,"Baseline",307.370262009447
2022-02-11,"SevenDayAverage",NA
2022-02-11,"Baseline",305.56087674278
2022-02-12,"SevenDayAverage",NA
2022-02-12,"Baseline",303.751491476112
2022-02-13,"SevenDayAverage",NA
2022-02-13,"Baseline",301.942106209444
